the,5629
and,3012
i,3001
to,2688
of,2659
a,2643
in,1763
that,1744
it,1701
you,1483
he,1467
was,1411
his,1159
is,1125
my,1007
have,924
as,853
had,830
with,830
which,771
at,768
for,728
but,652
not,637
me,635
be,628
we,524
there,503
from,499
this,492
said,485
upon,465
holmes,462
so,448
him,434
her,430
she,426
very,400
your,396
been,393
no,391
what,387
all,387
on,381
one,372
then,367
were,350
by,344
are,336
an,333
would,327
when,322
out,318
up,301
man,289
could,286
do,284
has,284
mr,275
into,275
who,271
little,269
will,262
if,260
some,244
now,234
see,230
down,229
should,210
our,208
or,201
they,199
may,198
well,188
am,185
us,183
over,177
think,174
more,174
know,170
shall,169
about,169
can,168
before,163
come,161
only,161
must,161
than,158
did,153
time,151
other,147
them,146
came,146
two,143
how,141
door,141
back,139
here,134
room,134
any,131
face,128
just,126
might,126
yes,125
matter,125
where,120
much,120
its,118
way,114
house,113
hand,113
heard,113
such,112
case,110
made,109
found,108
nothing,108
never,108
quite,107
good,107
however,107
away,106
own,101
morning,99
after,99
go,99
tell,98
their,97
sherlock,97
right,96
last,95
say,94
like,94
through,91
oh,90
saw,89
most,89
miss,88
asked,88
yet,88
took,87
long,87
eyes,87
day,86
once,86
first,86
left,85
street,83
st,82
too,82
young,81
round,81
watson,81
every,81
find,80
side,80
these,80
still,80
small,79
take,79
sir,78
night,78
myself,77
thought,77
why,76
few,76
until,75
off,74
without,74
father,73
look,73
business,73
make,73
light,73
hands,73
himself,73
lady,72
seen,72
three,70
window,70
even,70
ever,70
seemed,69
cried,69
let,69
put,69
again,69
friend,69
having,68
went,68
old,68
done,67
head,67
those,66
while,66
something,65
years,65
rather,64
remarked,64
doubt,64
perhaps,63
open,63
though,63
get,62
indeed,62
name,62
great,60
give,60
between,60
woman,60
course,59
enough,58
mind,58
always,58
knew,57
same,56
chair,56
dear,56
answered,56
end,55
sat,54
far,54
place,53
got,53
wife,53
really,52
also,52
against,52
cannot,51
turned,51
anything,51
looked,51
possible,50
brought,50
front,50
hardly,50
told,50
behind,50
better,49
black,49
within,48
leave,48
understand,48
life,47
suddenly,47
already,47
both,47
thing,47
help,47
son,46
words,46
minutes,46
gave,46
strange,46
home,46
papers,45
being,45
certainly,45
whole,45
table,45
hair,44
gone,44
mrs,44
wish,44
hat,44
money,44
clear,44
fire,44
looking,43
whether,43
sure,43
call,43
point,43
police,43
lay,42
days,42
another,42
pray,42
gentleman,42
yourself,42
work,42
baker,42
under,42
lord,41
set,41
large,41
many,41
london,41
passed,41
met,40
word,40
simon,39
soon,39
does,39
whom,39
paper,39
since,39
half,39
bed,38
interest,38
during,38
less,38
lestrade,37
men,37
across,37
dark,37
save,37
evening,36
least,36
read,36
returned,36
five,36
ask,35
opened,35
question,35
doctor,35
facts,35
believe,35
together,35
stood,35
among,35
rucastle,34
none,34
moment,34
story,34
mccarthy,33
rushed,33
use,33
entered,33
oclock,33
either,33
singular,33
strong,33
ah,32
fellow,32
waiting,32
road,32
laid,32
else,32
hour,32
hear,32
given,32
corner,32
part,32
crime,32
each,32
felt,32
going,31
forward,31
hope,31
instant,31
near,31
four,31
became,31
able,31
best,31
client,31
sound,31
note,31
country,31
used,30
ran,30
several,30
ten,30
turn,30
death,30
dont,30
new,30
companion,30
family,30
inspector,29
stone,29
obvious,29
letter,29
dr,29
heavy,29
imagine,29
true,29
threw,29
colonel,28
cut,28
red,28
coming,28
cry,28
seems,28
fear,28
walked,28
taken,28
feet,28
want,28
lost,28
ago,28
seven,28
manner,28
late,28
coronet,28
goose,27
keep,27
above,27
remember,27
hard,27
air,27
floor,27
absolutely,27
letters,27
year,27
white,27
present,27
appeared,27
rooms,27
things,27
spoke,27
sister,26
held,26
reason,26
god,26
thank,26
drove,26
cab,26
called,26
alone,26
visitor,26
marriage,26
known,25
square,25
fact,25
mine,25
heart,25
chance,25
john,25
began,25
people,25
windows,25
beside,25
married,25
photograph,25
king,25
dress,25
followed,25
address,25
steps,25
led,25
week,25
office,24
silence,24
struck,24
anyone,24
started,24
likely,24
friends,24
next,24
second,24
rose,24
cases,24
outside,24
to-night,24
six,24
eye,24
attention,24
nature,24
blue,24
clair,23
lamp,23
hosmer,23
idea,23
happened,23
ready,23
grey,23
ill,23
poor,23
hours,23
sort,23
standing,23
whose,23
lane,23
quick,23
bring,23
sprang,23
past,23
deep,23
glancing,23
because,23
seeing,22
occurred,22
short,22
town,22
closed,22
husband,22
drawn,22
easy,22
dressed,22
hurried,22
pocket,22
station,22
daughter,22
ground,22
glanced,22
person,22
carried,22
passage,22
step,22
ha,22
observed,22
mary,22
girl,22
position,22
mystery,22
hunter,21
k,21
holder,21
danger,21
thin,21
points,21
sight,21
city,21
body,21
considerable,21
afraid,21
train,21
need,21
quiet,21
doing,21
interesting,21
remarkable,21
order,21
cold,21
mother,20
windibank,20
angel,20
talk,20
bird,20
opinion,20
everything,20
experience,20
advertisement,20
wilson,20
safe,20
kind,20
showed,20
carriage,20
ourselves,20
fresh,20
turner,20
cause,20
mean,20
towards,20
quietly,20
laughed,20
secret,20
speak,20
caught,20
voice,20
character,20
england,20
sent,20
peculiar,20
written,20
matters,20
fashion,20
shown,20
problem,20
account,20
red-headed,20
stoner,19
neville,19
frank,19
pool,19
public,19
stepfather,19
silent,19
advice,19
colour,19
weeks,19
effect,19
rest,19
return,19
dead,19
direction,19
entirely,19
wont,19
others,19
maid,19
wait,19
details,19
important,19
reached,19
child,19
suppose,19
close,19
line,19
sign,19
slowly,19
means,19
hall,19
someone,19
observe,19
figure,19
finally,19
extraordinary,19
excellent,19
placed,19
adventure,19
james,18
wedding,18
along,18
pipe,18
happy,18
locked,18
low,18
lips,18
fell,18
afterwards,18
nor,18
drive,18
listened,18
garden,18
bedroom,18
news,18
serious,18
high,18
single,18
coat,18
hundred,18
times,18
yours,18
simple,18
almost,18
itself,18
clothes,18
glad,18
remained,18
love,18
arthur,18
geese,17
feeling,17
innocent,17
miles,17
evidence,17
hatherley,17
breakfast,17
feel,17
surprised,17
instantly,17
seem,17
making,17
meet,17
pulled,17
to-morrow,17
sit,17
glance,17
company,17
appears,17
laughing,17
dreadful,17
league,17
cleared,16
sudden,16
smiling,16
third,16
bright,16
shook,16
events,16
turning,16
drew,16
key,16
change,16
determined,16
centre,16
neither,16
whatever,16
whispered,16
dropped,16
arrived,16
arms,16
lock,16
gold,16
sitting,16
majesty,16
surprise,16
confess,16
trust,16
appearance,16
impression,16
boots,16
shoulders,16
comes,16
boy,16
brown,16
examined,16
importance,16
explain,16
show,16
kindly,16
chamber,16
twice,16
adler,16
irene,16
thumb,16
boscombe,16
toller,15
openshaw,15
truth,15
terrible,15
coroner,15
wrong,15
box,15
force,15
yard,15
water,15
wooden,15
answer,15
didnt,15
foot,15
live,15
full,15
slight,15
care,15
to-day,15
engaged,15
later,15
waited,15
taking,15
witness,15
probably,15
object,15
deal,15
view,15
sitting-room,15
certain,15
afternoon,15
pay,15
excuse,15
absolute,15
sharp,15
therefore,15
caused,15
walk,15
fancy,15
armchair,15
machine,15
band,15
ventilator,14
roylott,14
den,14
envelope,14
bent,14
professional,14
hotel,14
uncle,14
reading,14
mans,14
pale,14
darkness,14
presence,14
clearly,14
early,14
amid,14
claim,14
sum,14
clay,14
died,14
says,14
cellar,14
assistant,14
affair,14
court,14
age,14
impossible,14
ring,14
blood,14
broke,14
run,14
church,14
evidently,14
wall,14
features,14
lodge,14
monday,14
result,14
mad,14
private,14
follow,14
difficult,14
promise,14
pushed,14
bad,14
stairs,14
continued,14
precisely,14
scene,14
german,14
wrote,14
received,14
lying,14
bell,14
swiftly,14
pass,14
society,14
world,14
noble,14
gems,13
horner,13
horrible,13
break,13
charge,13
frightened,13
moran,13
walking,13
missing,13
start,13
clue,13
edge,13
yellow,13
bank,13
knowledge,13
common,13
ross,13
heavily,13
finger,13
slipped,13
months,13
yesterday,13
shoulder,13
hes,13
besides,13
raise,13
nearly,13
different,13
usual,13
running,13
shot,13
glass,13
expected,13
situation,13
send,13
tried,13
broad,13
eight,13
thick,13
example,13
inside,13
deduce,13
lit,13
signs,13
copper,13
scandal,13
bradstreet,12
madam,12
lascar,12
grew,12
sometimes,12
trouble,12
looks,12
traces,12
firm,12
alive,12
worn,12
weary,12
kept,12
lens,12
iron,12
merryweather,12
shining,12
lawn,12
beg,12
piece,12
building,12
human,12
statement,12
real,12
earth,12
narrative,12
possibly,12
wished,12
broken,12
wonder,12
perfectly,12
draw,12
blow,12
carry,12
knows,12
number,12
action,12
streets,12
reach,12
twenty,12
investigation,12
inquiry,12
pretty,12
subject,12
purpose,12
power,12
passing,12
state,12
honour,12
chin,12
theres,12
pair,12
writing,12
houses,12
sheet,12
interested,12
often,12
throwing,12
double,12
cant,12
lived,12
spoken,12
tall,12
practice,12
following,12
deeply,12
complete,12
results,12
beeches,12
lip,12
pips,12
bohemia,12
stoke,11
ryder,11
opium,11
fixed,11
alice,11
strength,11
horror,11
examination,11
violence,11
formed,11
trap,11
sleep,11
connection,11
curious,11
unless,11
narrow,11
scotland,11
jones,11
nine,11
fingers,11
lad,11
exceedingly,11
huge,11
west,11
sake,11
ways,11
american,11
ones,11
couple,11
presume,11
learn,11
thrust,11
remark,11
value,11
evil,11
precious,11
arm,11
creature,11
fall,11
womans,11
contrary,11
fine,11
law,11
search,11
neighbourhood,11
briony,11
beautiful,11
opening,11
acquaintance,11
influence,11
seat,11
raised,11
rich,11
wanted,11
returning,11
beyond,11
official,11
keen,11
throw,11
reasoning,11
orange,11
winchester,10
snow,10
doran,10
hydraulic,10
fastened,10
henry,10
peterson,10
christmas,10
whistle,10
solution,10
sinister,10
bar,10
fallen,10
america,10
horsham,10
although,10
beneath,10
learned,10
cheeks,10
spite,10
duty,10
pointed,10
farther,10
free,10
grounds,10
further,10
fathers,10
ceiling,10
astonishment,10
angry,10
assistance,10
picked,10
convinced,10
george,10
spent,10
solved,10
mere,10
upstairs,10
prisoner,10
disappearance,10
longer,10
correct,10
wild,10
knees,10
become,10
loss,10
unfortunate,10
managed,10
shutters,10
ordered,10
ears,10
worth,10
marks,10
metal,10
sutherland,10
saying,10
conversation,10
sorry,10
empty,10
questioning,10
pavement,10
probable,10
smoke,10
mouth,10
surely,10
banker,10
play,10
affairs,10
secure,10
youll,10
wind,10
lose,10
latter,10
dozen,10
top,10
vanished,10
success,10
intention,10
wood,10
shadow,10
herself,10
visit,10
putting,10
attempt,10
aware,10
occasionally,10
marked,10
thrown,10
carefully,10
suit,10
data,10
lead,10
frequently,10
easily,10
profession,10
seized,10
press,10
merely,10
vague,10
immense,10
study,10
soul,10
form,10
master,10
memory,10
twisted,10
pa,9
eyford,9
stark,9
ladies,9
roylotts,9
salesman,9
bureau,9
heavens,9
star,9
shaking,9
cigar,9
path,9
finding,9
rain,9
deadly,9
dying,9
yards,9
anger,9
natural,9
lies,9
theory,9
arrested,9
estate,9
trivial,9
fate,9
covered,9
allowed,9
appointment,9
strike,9
incident,9
rising,9
handkerchief,9
plain,9
offered,9
write,9
circle,9
fit,9
prevent,9
touch,9
pistol,9
goodness,9
corridor,9
dog,9
explanation,9
sense,9
stop,9
keenly,9
grass,9
gained,9
concerned,9
ink,9
leaving,9
favour,9
stair,9
folk,9
fortune,9
track,9
endeavoured,9
anxious,9
makes,9
jabez,9
bowed,9
reward,9
furniture,9
future,9
finished,9
alarm,9
sofa,9
naturally,9
curiosity,9
disappeared,9
saved,9
paid,9
ear,9
stepped,9
presently,9
talking,9
thoroughly,9
shouted,9
hurry,9
field,9
continue,9
goes,9
habits,9
lie,9
stretched,9
methods,9
pleasure,9
shortly,9
notes,9
bag,9
conduct,9
recovered,9
thirty,9
prove,9
living,9
hum,9
information,9
familiar,9
circumstances,9
wrist,9
extreme,9
suggestive,9
upper,9
suggested,9
neck,9
fifty,9
english,9
wear,9
quarter,9
post,9
explained,9
medical,9
nervous,9
hot,9
sunk,9
journey,9
books,9
rucastles,8
flora,8
grimesby,8
sisters,8
countess,8
hung,8
beauty,8
boone,8
horse,8
nights,8
swandam,8
doctors,8
bridge,8
distance,8
waterloo,8
undoubtedly,8
page,8
bearing,8
club,8
proof,8
land,8
carrying,8
tut,8
trees,8
walls,8
difficulty,8
series,8
bottom,8
slip,8
definite,8
settled,8
passion,8
glasses,8
trying,8
conclusions,8
discovered,8
suggest,8
robbery,8
gloom,8
smell,8
stand,8
harm,8
expect,8
lantern,8
winding,8
crop,8
criminal,8
tide,8
bill,8
nose,8
appear,8
middle,8
careful,8
pain,8
shade,8
roof,8
thats,8
market,8
spaulding,8
date,8
household,8
chain,8
frock-coat,8
commonplace,8
column,8
somewhat,8
try,8
conclusion,8
gives,8
suspicion,8
flight,8
startled,8
coffee,8
ive,8
stopped,8
please,8
ladys,8
dashed,8
weapon,8
description,8
expression,8
general,8
remain,8
breaking,8
park,8
twelve,8
watch,8
catch,8
driven,8
lives,8
heads,8
tobacco,8
furnished,8
unusual,8
pockets,8
emerged,8
ceased,8
good-night,8
drop,8
fortunate,8
women,8
plainly,8
exactly,8
agent,8
shrugged,8
straight,8
wore,8
pity,8
stay,8
mistaken,8
hold,8
companions,8
instead,8
capital,8
consult,8
problems,8
reasons,8
mark,8
notice,8
getting,8
pounds,8
habit,8
spare,8
patient,8
clearing,8
lodgings,8
veil,8
bachelor,8
burnwell,7
pew,7
fullers-earth,7
lysander,7
engineer,7
wing,7
village,7
villain,7
oakshott,7
breckinridge,7
inn,7
alpha,7
sold,7
buy,7
supper,7
downstairs,7
£1000,7
sweet,7
birds,7
grief,7
wifes,7
somewhere,7
river,7
sun,7
laying,7
ship,7
shape,7
initials,7
terror,7
brandy,7
lee,7
owe,7
wound,7
skill,7
records,7
approached,7
possession,7
dried,7
trace,7
painful,7
children,7
reference,7
considerably,7
cooee,7
consider,7
jury,7
farm,7
angle,7
retained,7
pointing,7
assizes,7
states,7
woods,7
actually,7
servants,7
mccarthys,7
aid,7
paddington,7
brother,7
fair,7
leaning,7
rat,7
pen,7
gather,7
doors,7
missed,7
extremely,7
thousand,7
violent,7
referred,7
allow,7
depend,7
working,7
fly,7
essential,7
inquiries,7
settle,7
cloth,7
highest,7
feared,7
assure,7
usually,7
france,7
stones,7
gate,7
cunning,7
detective,7
fantastic,7
party,7
aside,7
revolver,7
gently,7
month,7
wouldnt,7
laugh,7
burst,7
fairly,7
knowing,7
forever,7
duties,7
thinking,7
manager,7
filled,7
backward,7
despair,7
east,7
north,7
main,7
earn,7
duncan,7
eleven,7
apply,7
vacancy,7
clever,7
noticed,7
collar,7
waistcoat,7
dirty,7
forced,7
larger,7
connected,7
presented,7
apology,7
successful,7
scattered,7
hopes,7
youth,7
rush,7
bound,7
gang,7
injured,7
crowd,7
bear,7
size,7
becomes,7
smile,7
trousers,7
signal,7
formidable,7
occur,7
busy,7
plans,7
bridegroom,7
refused,7
clergyman,7
glimpse,7
devil,7
lawyer,7
norton,7
except,7
listen,7
funny,7
heartily,7
legs,7
marry,7
ruin,7
committed,7
retired,7
accustomed,7
forehead,7
duke,7
paced,7
advise,7
weight,7
secrecy,7
prefer,7
hanging,7
lower,7
cloak,7
limbs,7
immediately,7
nice,7
wheels,7
horses,7
showing,7
remains,7
theories,7
dull,7
chuckled,7
murder,7
energy,7
lately,7
delicate,7
lover,7
perfect,7
chapter,7
carbuncle,7
valley,7
stoper,6
stable,6
niece,6
robert,6
unpleasant,6
justice,6
shoes,6
dangerous,6
security,6
gipsies,6
cheetah,6
advance,6
commission,6
brixton,6
dressing-room,6
kitchen,6
gasped,6
places,6
barred,6
dream,6
previous,6
dressing-gown,6
valuable,6
fainted,6
beggar,6
deserted,6
dog-cart,6
breath,6
thoughts,6
poison,6
whitney,6
swinging,6
touched,6
lone,6
calling,6
eventually,6
lonely,6
readily,6
described,6
particular,6
acted,6
act,6
guard,6
foresight,6
pressing,6
record,6
beginning,6
spend,6
shrieked,6
receive,6
fields,6
text,6
screamed,6
greater,6
property,6
sank,6
grip,6
grizzled,6
distinct,6
certainty,6
ballarat,6
distinctly,6
meant,6
impressed,6
leg,6
holding,6
examining,6
traced,6
eager,6
shone,6
interview,6
county,6
dad,6
shattered,6
remarks,6
bristol,6
credit,6
sons,6
gun,6
onto,6
seated,6
rate,6
loudly,6
disposition,6
brow,6
solve,6
tail,6
misfortune,6
pleasant,6
sideboard,6
reply,6
spring,6
asking,6
book,6
bringing,6
talked,6
swear,6
speech,6
throat,6
typewritten,6
drawer,6
income,6
older,6
gazing,6
served,6
drink,6
husbands,6
practical,6
smiled,6
jump,6
shock,6
warning,6
gentle,6
moments,6
escape,6
examine,6
massive,6
thief,6
stranger,6
wants,6
parted,6
brilliant,6
cup,6
lines,6
lunch,6
mantelpiece,6
excitement,6
minute,6
saxe-coburg,6
premises,6
card,6
consideration,6
good-bye,6
gravely,6
south,6
shut,6
useful,6
founded,6
heres,6
ought,6
spirits,6
offices,6
salary,6
telling,6
amount,6
china,6
gain,6
knee,6
belief,6
rule,6
greatest,6
stout,6
beaten,6
threatened,6
stared,6
staggered,6
dimly,6
staring,6
nerves,6
quest,6
advantage,6
nicely,6
curled,6
clouds,6
gentlemen,6
breathing,6
watched,6
heels,6
freely,6
equally,6
refuse,6
inclined,6
amiable,6
task,6
cap,6
ordinary,6
conveyed,6
driving,6
prompt,6
bride,6
faced,6
altar,6
hansom,6
compelled,6
closely,6
sympathy,6
obliged,6
whence,6
grasp,6
rolled,6
avenue,6
serpentine,6
travelled,6
failed,6
closing,6
murmured,6
begin,6
slow,6
bit,6
stands,6
crown,6
bought,6
endeavouring,6
europe,6
recent,6
weather,6
deduction,6
fail,6
indicated,6
scent,6
chest,6
desire,6
march,6
tragedy,6
observation,6
powers,6
fierce,6
buried,6
sufficient,6
reasoner,6
drawing,6
particularly,6
seldom,6
contents,6
adventures,6
fowler,5
millar,5
ceremony,5
aloysius,5
fee,5
due,5
milk,5
bell-rope,5
joy,5
match,5
metallic,5
intimate,5
unlocked,5
big,5
permission,5
giving,5
loose,5
tied,5
fat,5
scream,5
surrey,5
swept,5
sill,5
cripple,5
fears,5
bricks,5
hearty,5
lot,5
supply,5
promised,5
lap,5
clock,5
rid,5
names,5
savannah,5
accident,5
h,5
forget,5
b,5
victim,5
quickly,5
necessary,5
art,5
safety,5
discoloured,5
unable,5
dundee,5
sundial,5
newly,5
uncles,5
proceed,5
suicide,5
burning,5
protruding,5
pondicherry,5
keys,5
major,5
clad,5
tapping,5
conjecture,5
easier,5
deed,5
cover,5
foul,5
worse,5
needed,5
cord,5
deduced,5
folded,5
indian,5
dust,5
tree,5
tracks,5
grasped,5
fancies,5
health,5
charming,5
continually,5
prison,5
victoria,5
terribly,5
temper,5
rapidly,5
innocence,5
injuries,5
lodge-keeper,5
local,5
telegram,5
disguise,5
whiskers,5
personal,5
breast,5
girls,5
scoundrel,5
conviction,5
assured,5
solid,5
printed,5
describe,5
leaned,5
bundle,5
meaning,5
tinted,5
weak,5
leadenhall,5
visitors,5
remembered,5
ball,5
finger-tips,5
de,5
leaves,5
feature,5
puzzled,5
existence,5
removed,5
method,5
expense,5
bow,5
peeped,5
pitch,5
striking,5
murderer,5
confidence,5
recognised,5
expedition,5
evident,5
chase,5
contrast,5
beat,5
fourth,5
stick,5
brightly,5
announced,5
french,5
asleep,5
mysterious,5
questions,5
struggle,5
william,5
landlord,5
laughter,5
shelf,5
golden,5
saturday,5
encyclopaedia,5
friday,5
below,5
disappointment,5
gazed,5
cocked,5
recall,5
stream,5
tint,5
particulars,5
wits,5
fault,5
hole,5
price,5
satisfied,5
vincent,5
willing,5
worked,5
takes,5
newspaper,5
pride,5
similar,5
detail,5
kindness,5
positive,5
unique,5
otherwise,5
effort,5
daring,5
share,5
custom,5
snake,5
preserve,5
loved,5
suspicious,5
completely,5
midnight,5
hurriedly,5
drawing-room,5
cross,5
named,5
slept,5
satisfaction,5
escaped,5
bell-pull,5
panel,5
trick,5
palm,5
row,5
everyone,5
rushing,5
tossed,5
ulster,5
ashamed,5
playing,5
couch,5
blinds,5
principal,5
brave,5
hurt,5
quarrel,5
rattled,5
capable,5
averse,5
fitted,5
visible,5
arranged,5
discuss,5
provided,5
rely,5
arrest,5
occasion,5
generally,5
sovereign,5
lovely,5
tie,5
neat,5
wondering,5
&,5
earnestly,5
bore,5
repeated,5
cabman,5
inner,5
godfrey,5
bonnet,5
runs,5
wonderful,5
watching,5
guess,5
respectable,5
groom,5
enter,5
subtle,5
handed,5
anxiety,5
attempts,5
sell,5
stolen,5
conceal,5
tore,5
gesture,5
agitation,5
lounging,5
families,5
seriously,5
precaution,5
delicacy,5
unknown,5
wishes,5
communicate,5
strongly,5
apparently,5
silk,5
sleeves,5
height,5
doubts,5
volume,5
mistake,5
mask,5
quarters,5
deepest,5
signature,5
chronicle,5
instance,5
process,5
member,5
hence,5
remove,5
obviously,5
changed,5
burned,5
servant,5
cigars,5
incidents,5
attracted,5
rise,5
sneer,5
emotion,5
speckled,5
skylight,4
drunk,4
moving,4
streatham,4
beryls,4
frisco,4
moulton,4
friendly,4
disturbance,4
balmoral,4
ferguson,4
deposit,4
thus,4
inconvenience,4
soft,4
occasional,4
cast,4
noise,4
lash,4
hullo,4
rope,4
brisk,4
boards,4
portion,4
move,4
unconscious,4
forth,4
central,4
baboon,4
accept,4
approaching,4
event,4
dragged,4
hampshire,4
berkshire,4
helen,4
soothing,4
leatherhead,4
knock,4
id,4
egg,4
nodded,4
guilt,4
swung,4
half-past,4
determine,4
agency,4
regretted,4
jewel,4
jewel-case,4
gas,4
article,4
unnecessary,4
lining,4
commissionaire,4
pile,4
begging,4
articles,4
exposure,4
shirt,4
whitewashed,4
sharply,4
crossed,4
joking,4
awake,4
apartment,4
bare,4
associate,4
scar,4
matches,4
hugh,4
garments,4
plenty,4
twinkled,4
sombre,4
clairs,4
pitiable,4
muttered,4
errand,4
doubtless,4
kate,4
flew,4
foolish,4
georges,4
isa,4
themselves,4
gravesend,4
dates,4
cupboard,4
direct,4
shaken,4
proved,4
chill,4
dim,4
miserable,4
succeeded,4
pulling,4
visited,4
hudson,4
begun,4
troubles,4
roads,4
error,4
command,4
january,4
southern,4
destroyed,4
shows,4
brass,4
breakfast-table,4
postmark,4
india,4
disturb,4
plantation,4
war,4
reported,4
gale,4
fireplace,4
bars,4
exceptional,4
submitted,4
tongue,4
policeman,4
acting,4
answering,4
ashes,4
special,4
smoked,4
judge,4
commence,4
highroad,4
animal,4
inferences,4
deductions,4
accused,4
unhappy,4
wander,4
novel,4
wandered,4
dignity,4
rattle,4
forming,4
absurd,4
bless,4
newspapers,4
sky,4
hypothesis,4
approach,4
consciousness,4
disturbed,4
sad,4
allusion,4
hideous,4
deceased,4
forgotten,4
confession,4
season,4
police-court,4
wednesday,4
inquest,4
blunt,4
excited,4
game-keeper,4
mentioned,4
largest,4
murdered,4
platform,4
stated,4
camp,4
list,4
request,4
recognise,4
bitter,4
engagement,4
seek,4
utterly,4
devoted,4
succeed,4
linen,4
chemical,4
puffing,4
bears,4
gaiters,4
sallow,4
violet,4
torn,4
fully,4
material,4
upward,4
directed,4
vanish,4
unforeseen,4
treated,4
four-wheeler,4
fond,4
jacket,4
fringe,4
flush,4
staying,4
paying,4
stock,4
separate,4
tottenham,4
plumber,4
im,4
typewriting,4
abstracted,4
maiden,4
communication,4
clang,4
glove,4
analysis,4
homely,4
teeth,4
test,4
unnatural,4
confessed,4
invent,4
link,4
stained,4
tangled,4
motive,4
clutched,4
bulky,4
deeper,4
distinguish,4
criminals,4
hollow,4
sounds,4
boxes,4
treasure,4
starting,4
hunting,4
game,4
neighbours,4
dense,4
reaction,4
wrapped,4
block,4
exact,4
hurrying,4
parts,4
lids,4
music,4
absence,4
pick,4
expensive,4
richer,4
personally,4
grave,4
moved,4
using,4
hoped,4
good-day,4
congratulate,4
conditions,4
fatal,4
perceive,4
warmly,4
fill,4
yourselves,4
enormous,4
debts,4
fourteen,4
pawnbrokers,4
isnt,4
ejaculated,4
purely,4
£4,4
suffer,4
pink,4
desk,4
shiny,4
especially,4
snuff,4
labour,4
glances,4
occupation,4
altogether,4
overcoat,4
pierced,4
british,4
wrinkled,4
guide,4
liberty,4
bizarre,4
partner,4
highly,4
level,4
peace,4
dated,4
shutter,4
gaze,4
elderly,4
loves,4
greeting,4
delay,4
wire,4
beautifully,4
shake,4
thinks,4
clapped,4
figures,4
shriek,4
sooner,4
motion,4
hardened,4
borne,4
solemnly,4
rough,4
crowded,4
fists,4
flushed,4
increased,4
searched,4
occupant,4
peering,4
confined,4
interfere,4
delighted,4
driver,4
landau,4
keeping,4
mistress,4
advantages,4
temple,4
handsome,4
dinner,4
shag,4
rubbing,4
preposterous,4
ended,4
choked,4
possibility,4
crimes,4
informed,4
steel,4
legal,4
stage,4
system,4
well-known,4
gigantic,4
energetic,4
hereditary,4
von,4
count,4
colleague,4
uncertain,4
length,4
completed,4
extended,4
lined,4
promises,4
apiece,4
brougham,4
sentence,4
cloud,4
twist,4
safely,4
royal,4
services,4
trifling,4
cigarette,4
top-hat,4
forefinger,4
walks,4
vile,4
sole,4
leather,4
wet,4
trifle,4
waved,4
formerly,4
rang,4
risen,4
eagerly,4
blind,4
associated,4
drug,4
bohemian,4
finds,4
interests,4
introduce,4
trained,4
actions,4
observer,4
false,4
observing,4
admirably,4
beryl,4
identity,4
ladder,3
suite,3
employer,3
southampton,3
smack,3
parents,3
governess,3
sorrow,3
serve,3
sweetheart,3
cousin,3
tradesmens,3
concealed,3
arthurs,3
rage,3
dishonoured,3
lucy,3
bankers,3
banking,3
loving,3
select,3
francis,3
allowance,3
blame,3
youre,3
dissatisfied,3
brides,3
bouquet,3
footing,3
offer,3
dowry,3
california,3
stretching,3
hatty,3
faithfully,3
social,3
englishman,3
station-master,3
moonlight,3
levers,3
descending,3
creases,3
fifty-guinea,3
pushing,3
slammed,3
threshold,3
lest,3
unfortunately,3
recompense,3
nearer,3
composed,3
agony,3
believed,3
convincing,3
murderous,3
hastened,3
causing,3
tightly,3
stronger,3
cane,3
clump,3
blowing,3
clearer,3
roused,3
saucer,3
cat,3
fool,3
dummy,3
original,3
perplexity,3
slit,3
tapped,3
green,3
wasted,3
prices,3
poker,3
broadened,3
repairs,3
armitage,3
writhed,3
terrified,3
awakened,3
bedrooms,3
inhabited,3
harrow,3
wandering,3
avert,3
railway,3
julia,3
disappointed,3
morose,3
aristocratic,3
rumours,3
crisp,3
heaven,3
jem,3
brute,3
kilburn,3
thieves,3
gods,3
wealth,3
felony,3
slippers,3
speedily,3
£100,3
6d,3
whats,3
bred,3
fowls,3
bet,3
warm,3
stall,3
covent,3
stars,3
windigate,3
museum,3
shillings,3
recalled,3
struggled,3
cusack,3
dressing-table,3
22nd,3
cosmopolitan,3
dazed,3
candle,3
indoors,3
gathered,3
replace,3
loop,3
lime-cream,3
training,3
leads,3
decline,3
ruefully,3
fled,3
roughs,3
intellectual,3
battered,3
belongs,3
frost,3
crackling,3
cracked,3
poured,3
takings,3
sums,3
chosen,3
debt,3
imprisonment,3
submit,3
pillow,3
sleepy,3
horrid,3
sleeper,3
charged,3
ledger,3
metropolis,3
stirring,3
summer,3
wake,3
ignorant,3
posted,3
pencil,3
dearest,3
inquire,3
coarse,3
basket-chair,3
rug,3
hearts,3
simply,3
dining-room,3
forgive,3
gravel-drive,3
springing,3
stable-boy,3
throws,3
confederate,3
pennies,3
declared,3
denied,3
investigations,3
powerful,3
left-hand,3
curtain,3
discovery,3
constables,3
attempted,3
ejaculation,3
perform,3
style,3
invaluable,3
regular,3
kent,3
cedars,3
vilest,3
wharf,3
midst,3
dyou,3
nerve,3
monotonous,3
pipes,3
faint,3
glimmered,3
bodies,3
tread,3
sleeping,3
wave,3
trough,3
homeward,3
dock,3
thirty-six,3
draught,3
decoyed,3
authorities,3
residence,3
passers-by,3
c,3
movement,3
united,3
efforts,3
impunity,3
branches,3
bending,3
sailing-ship,3
vessel,3
probability,3
writer,3
sensational,3
rare,3
education,3
understood,3
relations,3
deaths,3
division,3
eastern,3
crumpled,3
elapsed,3
footmarks,3
senseless,3
vain,3
85,3
foresee,3
persuade,3
drunken,3
enemy,3
fluffy,3
attic,3
ascended,3
flap,3
scrawled,3
trembling,3
skin,3
plate,3
foreign,3
lumber-room,3
begged,3
1869,3
florida,3
retire,3
elias,3
awful,3
mothers,3
chimney,3
louder,3
barque,3
retain,3
logical,3
degree,3
ignorance,3
objections,3
exposed,3
signed,3
desperate,3
mixed,3
boot,3
wicked,3
killed,3
attacked,3
jack,3
avoid,3
disease,3
eyebrows,3
drooping,3
beard,3
stump,3
surgeon,3
injury,3
map,3
presumption,3
whoever,3
calmly,3
left-handed,3
losing,3
listening,3
damp,3
silently,3
whipcord,3
brows,3
measured,3
widespread,3
moonshine,3
merest,3
replied,3
helped,3
rent,3
add,3
barmaid,3
tale,3
keenest,3
insight,3
brains,3
spot,3
bone,3
instincts,3
flung,3
plot,3
union,3
pressure,3
tea,3
strongest,3
pains,3
severe,3
aroused,3
uttered,3
refusal,3
strolled,3
paragraph,3
hanged,3
guilty,3
coroners,3
minds,3
considering,3
service,3
equal,3
confirm,3
flying,3
middle-aged,3
thoughtfully,3
circumstantial,3
verdict,3
paces,3
blows,3
border,3
patience,3
reeds,3
crowder,3
lake,3
3rd,3
june,3
neighbouring,3
terms,3
proprietor,3
district,3
conjectured,3
invariably,3
accounts,3
rummaged,3
ungrateful,3
1115,3
wired,3
characteristic,3
revealed,3
spotted,3
minor,3
suspicions,3
respects,3
swift,3
whip,3
punishment,3
deserved,3
dramatic,3
expressed,3
attentions,3
flattered,3
groaned,3
rights,3
difference,3
crushed,3
huddled,3
cruel,3
moisture,3
stepping,3
waste,3
characteristics,3
typewriter,3
discovering,3
useless,3
wash,3
troubled,3
penetrating,3
gravity,3
relatives,3
bushy,3
neatly,3
buttoned,3
odd,3
sleeve,3
impressions,3
hit,3
wonderfully,3
softly,3
gloves,3
instructive,3
pressed,3
respect,3
faith,3
sealed,3
advertised,3
independent,3
pledge,3
glare,3
clerks,3
worst,3
plush,3
purple,3
treat,3
travel,3
younger,3
wasnt,3
youve,3
realising,3
buttons,3
feather,3
curling,3
opposite,3
lid,3
meal,3
heading,3
vital,3
wanting,3
fascinating,3
limits,3
leading,3
roofs,3
dare,3
tout,3
alas,3
exclaimed,3
ascertaining,3
beating,3
vanishing,3
vulgar,3
manage,3
custody,3
police-station,3
stare,3
veins,3
wrists,3
pal,3
blandly,3
flashed,3
rested,3
aperture,3
tearing,3
protruded,3
writhing,3
spark,3
hearing,3
tension,3
choose,3
cards,3
pack,3
meantime,3
reserve,3
warnings,3
directors,3
satisfy,3
seconds,3
minutely,3
magnifying,3
crate,3
vault,3
imbecile,3
director,3
labyrinth,3
raising,3
stake,3
higher,3
rubber,3
rack,3
pea-jacket,3
entering,3
oxford,3
happen,3
lust,3
unlike,3
stalls,3
clients,3
weve,3
suburban,3
branch,3
shop,3
stately,3
realise,3
blocked,3
picture,3
inquired,3
judgment,3
clean-shaven,3
knocked,3
vigorously,3
board,3
fight,3
enclosure,3
jamess,3
frankly,3
sinking,3
splash,3
joke,3
roots,3
comical,3
cost,3
risk,3
delight,3
sheets,3
anyhow,3
pleased,3
mostly,3
awkward,3
objection,3
benefactor,3
tales,3
yelled,3
tugged,3
wrung,3
chairs,3
cared,3
grown,3
handy,3
gets,3
widower,3
clean,3
keeps,3
pictures,3
photography,3
job,3
coburg,3
fortunes,3
announcement,3
popes,3
nominal,3
s,3
reputation,3
elbow,3
forgot,3
faded,3
dangling,3
albert,3
check,3
average,3
inspection,3
thousands,3
imagination,3
effects,3
enthusiasm,3
routine,3
utmost,3
merry,3
indebted,3
immensely,3
coldly,3
epistle,3
truly,3
possess,3
cruelly,3
pursued,3
drawers,3
annoyance,3
searching,3
hesitated,3
responded,3
overpowering,3
instinct,3
suspected,3
paint,3
moist,3
shouting,3
slipping,3
joined,3
grace,3
compunction,3
proceedings,3
comfortable,3
voices,3
attend,3
scuffle,3
sides,3
loafer,3
orders,3
carries,3
unlikely,3
fro,3
guardsmen,3
smoking,3
group,3
acute,3
costume,3
join,3
eat,3
co-operation,3
beer,3
beef,3
arrangements,3
lucky,3
knot,3
jumped,3
fare,3
hadnt,3
coachman,3
monica,3
brushed,3
remarkably,3
difficulties,3
chambers,3
gentlemans,3
visits,3
relation,3
ominous,3
plan,3
male,3
returns,3
lounged,3
stories,3
built,3
villa,3
employed,3
helpless,3
limp,3
disreputable,3
exalted,3
surrounded,3
landlady,3
added,3
expenses,3
resolute,3
pooh,3
purposes,3
produce,3
monograph,3
hurled,3
uncontrollable,3
impatiently,3
incisive,3
history,3
discretion,3
resolution,3
broad-brimmed,3
secured,3
taste,3
tap,3
loud,3
paused,3
guineas,3
wearing,3
discover,3
contraction,3
woven,3
g,3
presumably,3
note-paper,3
baffled,3
successive,3
silver,3
mud,3
edges,3
carelessly,3
parallel,3
strikes,3
rubbed,3
introspective,3
mood,3
pacing,3
scarlet,3
civil,3
former,3
daily,3
reigning,3
mission,3
abandoned,3
mysteries,3
clues,3
cocaine,3
around,3
happiness,3
crack,3
factor,3
motives,3
admirable,3
precise,3
akin,3
engineers,3
warranties,2
worrying,2
various,2
hers,2
jest,2
shuttered,2
jovial,2
observant,2
tresses,2
trunk,2
coil,2
muzzle,2
mastiff,2
impertinent,2
performance,2
nursery,2
planning,2
savage,2
unreasoning,2
devised,2
countryside,2
swan,2
bradshaw,2
cease,2
jephro,2
philadelphia,2
£120,2
fads,2
settles,2
faddy,2
heh,2
commands,2
obey,2
amusement,2
childs,2
accomplishments,2
sweating,2
fold,2
governesses,2
munro,2
spence,2
favourably,2
whim,2
bordered,2
glimmer,2
logic,2
glowing,2
erred,2
sensationalism,2
prosecution,2
limited,2
maids,2
opponent,2
stealthily,2
rude,2
mirror,2
suspecting,2
suspect,2
entrance,2
financier,2
fairbank,2
accepted,2
complex,2
slam,2
considered,2
straighten,2
knitted,2
ruined,2
probed,2
implore,2
spoiled,2
parr,2
national,2
propriety,2
lowest,2
thirty-nine,2
magnificent,2
self,2
disagreeable,2
belonging,2
noblest,2
disgrace,2
gracious,2
hotels,2
citizens,2
gordon,2
doubted,2
miners,2
resist,2
offended,2
humiliation,2
dropping,2
briskly,2
humble,2
sherry,2
2s,2
fragment,2
card-case,2
wardrobe,2
cravat,2
serves,2
wiser,2
devotedly,2
complaint,2
dorans,2
expressive,2
slang,2
confidential,2
locket,2
mining,2
amused,2
arrive,2
pardon,2
class,2
bowing,2
advanced,2
allegro,2
jealousy,2
fortunately,2
prolonged,2
prepared,2
floating,2
honeymoon,2
lancaster,2
invited,2
hanover,2
management,2
francisco,2
san,2
[it,2
grosvenor,2
postpone,2
sees,2
backwater,2
fashionable,2
lazily,2
listless,2
easy-chair,2
persistence,2
autumnal,2
remainder,2
mould,2
machinery,2
perturbed,2
whereabouts,2
realised,2
flames,2
becher,2
thanks,2
hills,2
plain-clothes,2
etc,2
rose-bushes,2
conscious,2
fritz,2
moon,2
erect,2
implored,2
shapeless,2
engine,2
shrunk,2
cylinders,2
columns,2
ushered,2
secretary,2
introduced,2
newcomers,2
footsteps,2
entreaties,2
warn,2
sick,2
preliminary,2
stillness,2
radius,2
uneasiness,2
tone,2
muttering,2
glossy,2
chestnut,2
porter,2
obeyed,2
winds,2
astonished,2
cool,2
compress,2
enable,2
product,2
thoughtful,2
bosom,2
discreet,2
bones,2
exceptionally,2
residing,2
orphan,2
genial,2
cleaned,2
horrify,2
cleaver,2
province,2
braced,2
surface,2
bloodless,2
crisis,2
consulting-room,2
fewer,2
worthy,2
finer,2
conscience,2
responsible,2
indirectly,2
fangs,2
reconsidered,2
pit,2
rigid,2
handle,2
lashed,2
dark-lantern,2
befall,2
parish,2
tones,2
noiselessly,2
affected,2
bushes,2
gaped,2
exchanged,2
cheerful,2
clamped,2
hoarse,2
gates,2
manor,2
researches,2
attached,2
wood-work,2
oak,2
carpet,2
firmly,2
erected,2
modern,2
comparatively,2
wings,2
good-afternoon,2
gossip,2
stile,2
shorter,2
slope,2
hedges,2
wayside,2
fleecy,2
investments,2
imprudence,2
snarled,2
furiously,2
fleshless,2
hunting-crop,2
agricultural,2
falling,2
whistles,2
glided,2
housekeeper,2
pure,2
wide,2
flooring,2
old-fashioned,2
crash,2
hastening,2
dreadfully,2
hinges,2
clanging,2
wretched,2
sitting-rooms,2
seared,2
deprived,2
fortnight,2
aunt,2
correspondent,2
disgraceful,2
stepfathers,2
obstacle,2
resided,2
twins,2
butler,2
relative,2
acres,2
gambler,2
borders,2
richest,2
survivor,2
dangers,2
wickedness,2
devote,2
consulted,2
control,2
farintosh,2
strain,2
veiled,2
admiring,2
beds,2
sharing,2
tend,2
chief,2
forgiveness,2
reaching,2
dealers,2
knife,2
handling,2
maggie,2
twenty-six,2
pouring,2
fattened,2
crawl,2
sternly,2
waiting-maid,2
proofs,2
dash,2
cheerily,2
verge,2
overtook,2
knots,2
fiercely,2
framed,2
hubbub,2
nearing,2
daresay,2
noiseless,2
117,2
numbers,2
snapped,2
ate,2
fiver,2
youd,2
lets,2
recommended,2
slabs,2
trim,2
faces,2
establish,2
speaking,2
holborn,2
public-house,2
footfalls,2
blew,2
strode,2
pence,2
confine,2
recovering,2
scotch,2
woodcock,2
robberies,2
jewels,2
pet,2
advertising,2
introduction,2
bitterly,2
bored,2
rifled,2
sequence,2
tossing,2
intense,2
catherine,2
transpired,2
morocco,2
morcar,2
inst,2
december,2
gem,2
induce,2
mercy,2
morcars,2
electric,2
radiance,2
flapped,2
eh,2
frequent,2
stain,2
tallow,2
affection,2
recently,2
flat,2
capacity,2
improbable,2
disregarding,2
self-respect,2
retrogression,2
moral,2
represent,2
infer,2
dusty,2
elastic,2
hat-securer,2
advertise,2
bakers,2
unimpeachable,2
shocked,2
goodge,2
owner,2
recover,2
whimsical,2
jerked,2
seedy,2
studied,2
hush,2
constable,2
confided,2
identified,2
relief,2
varied,2
improved,2
saving,2
evenings,2
coppers,2
smearing,2
£2,2
plaster,2
flesh-coloured,2
famous,2
schoolmaster,2
passionately,2
patted,2
grin,2
destiny,2
bewilderment,2
sponge,2
stooped,2
cell,2
needs,2
perpetual,2
repulsive,2
tattered,2
coloured,2
cells,2
projecting,2
vegetables,2
gladstone,2
incredulity,2
sleeps,2
ounce,2
pillows,2
all-night,2
insufficient,2
rearranging,2
venture,2
pause,2
snatched,2
roared,2
fainting,2
hysterical,2
eagerness,2
whoa,2
disposal,2
sits,2
villages,2
hedge,2
outskirts,2
feasible,2
coins,2
sink,2
weighted,2
half-pennies,2
afford,2
source,2
stains,2
bleeding,2
communicated,2
escorted,2
outer,2
cross-legged,2
threadneedle,2
trade,2
lodger,2
protested,2
bloodstains,2
drops,2
toy,2
swore,2
aspect,2
ascend,2
plucked,2
frantically,2
agitated,2
proceeded,2
fresno,2
aberdeen,2
remarking,2
counties,2
10s,2
maybe,2
absurdly,2
villas,2
tax,2
drifting,2
gradually,2
succession,2
double-bedded,2
trusty,2
clink,2
ay,2
sworn,2
prey,2
favoured,2
straightened,2
recommend,2
wrinkles,2
skirt,2
sleepers,2
frighten,2
haggard,2
exclamation,2
beckoning,2
attendant,2
charcoal,2
brazier,2
circles,2
oil-lamp,2
wharves,2
cheery,2
whitneys,2
escort,2
pluck,2
timid,2
school,2
self-control,2
89,2
mingled,2
drenched,2
college,2
atlantic,2
badly,2
83,2
february,2
port,2
calhoun,2
captain,2
addressed,2
bite,2
hungry,2
devils,2
hurts,2
riverside,2
condition,2
haste,2
lifted,2
subdued,2
violin,2
entries,2
implicate,2
government,2
organisation,2
openly,2
outrages,2
views,2
georgia,2
resemblance,2
derived,2
klan,2
klux,2
ku,2
individual,2
persons,2
urged,2
mail-boat,2
assume,2
item,2
eccentric,2
regards,2
profound,2
senses,2
attain,2
ideal,2
elbows,2
perils,2
web,2
revenge,2
9th,2
swain,2
paramore,2
mccauley,2
4th,2
notices,2
headed,2
diary,2
fluttered,2
inexorable,2
message,2
causes,2
hesitation,2
hill,2
obstinate,2
fuss,2
nonsense,2
scared,2
outstretched,2
84,2
opposing,2
politics,2
repute,2
register,2
eccentricity,2
basin,2
fits,2
screaming,2
tear,2
emerge,2
dread,2
deadliest,2
treble,2
mass,2
grate,2
fordham,2
belonged,2
rusty,2
palpitating,2
sins,2
glared,2
putty,2
pattered,2
bills,2
1883,2
exception,2
liked,2
youngster,2
drank,2
exercise,2
republican,2
aversion,2
blaze,2
commencement,2
inexplicable,2
prendergast,2
toe,2
mixture,2
dry,2
hook,2
weighed,2
umbrella,2
newcomer,2
sobbed,2
storm,2
gales,2
equinoctial,2
sketch,2
island,2
amateur,2
surmise,2
explanations,2
ending,2
narratives,2
analytical,2
publicity,2
happily,2
frame,2
giant,2
temptation,2
limb,2
snap,2
regard,2
braved,2
dislike,2
stroke,2
grinning,2
spared,2
boys,2
highway,2
luck,2
reckless,2
chap,2
diggings,2
jail,2
required,2
hears,2
corners,2
ashen,2
outstanding,2
possessed,2
bitten,2
variety,2
ash,2
stride,2
trifles,2
strangers,2
conception,2
utter,2
colony,2
australian,2
pen-knife,2
cigar-holder,2
uses,2
smokes,2
corresponds,2
growing,2
regained,2
moss,2
bark,2
gathering,2
tiptoes,2
waterproof,2
mole,2
trampled,2
sodden,2
belt,2
wealthy,2
situated,2
meadows,2
snarl,2
provoked,2
nostrils,2
compressed,2
downward,2
thinker,2
desired,2
stricken,2
chimneys,2
blotches,2
comfortable-looking,2
fog,2
senior,2
tackle,2
cocksure,2
heiress,2
obligations,2
cloudless,2
depends,2
suffered,2
frenzy,2
sheer,2
maddening,2
clutches,2
hangs,2
admire,2
screening,2
indicate,2
delirium,2
extent,2
contained,2
hellish,2
groping,2
compared,2
yellow-backed,2
ample,2
wreck,2
quarrels,2
hide,2
flaw,2
concern,2
hereford,2
lean,2
concluded,2
confusion,2
decide,2
final,2
delirious,2
mumbled,2
enemies,2
manners,2
popular,2
turners,2
roughly,2
arrival,2
wrongfully,2
displayed,2
according,2
self-restraint,2
policy,2
indignation,2
brightest,2
deserts,2
quote,2
jaw,2
shave,2
right-hand,2
understanding,2
incapable,2
recollect,2
culprit,2
damning,2
butt-end,2
inflicted,2
quarrelling,2
flowers,2
picking,2
employ,2
mile,2
avoided,2
colonies,2
australia,2
herefordshire,2
opportunity,2
established,2
intervals,2
seats,2
gaunt,2
rattling,2
scenery,2
inform,2
sample,2
smallest,2
devoid,2
gallows,2
clatter,2
jove,2
unlocking,2
constraint,2
exacted,2
vows,2
produced,2
decidedly,2
insisted,2
forbidding,2
affectionate,2
stuck,2
petty,2
stammered,2
actionable,2
glitter,2
ghastly,2
collapsed,2
transparent,2
suavely,2
correspondence,2
handwriting,2
individuality,2
abroad,2
controlled,2
good-evening,2
nearest,2
insinuating,2
middle-sized,2
footfall,2
drawback,2
bottles,2
assist,2
sufferer,2
engaging,2
answers,2
instituted,2
conclusive,2
elastic-sided,2
tweed,2
moustache,2
side-whiskers,2
amusing,2
noted,2
slightly,2
ventured,2
pince-nez,2
farthest,2
defined,2
pon,2
well-to-do,2
greyish,2
darker,2
jet,2
invisible,2
spinning,2
summoned,2
whenever,2
fenchurch,2
marbank,2
westhouse,2
camberwell,2
31,2
dwell,2
sob,2
wink,2
half-mad,2
foresaw,2
catastrophe,2
pledged,2
shamefully,2
marrying,2
testament,2
retiring,2
daylight,2
cashier,2
annoyed,2
anywhere,2
tickets,2
gasfitters,2
stole,2
brings,2
indulge,2
impatient,2
traveller,2
superior,2
foreman,2
hardy,2
fifteen,2
bang,2
vacuous,2
purport,2
courtesy,2
boat,2
tiny,2
loomed,2
announce,2
symptoms,2
hesitating,2
duchess,2
presents,2
simpler,2
charm,2
hurling,2
complained,2
happens,2
argument,2
push,2
print,2
cruelty,2
contact,2
everybody,2
adviser,2
magistrate,2
artistic,2
bald,2
foreseen,2
outré,2
generations,2
infinitely,2
cest,2
commonplaces,2
yawning,2
rings,2
admiration,2
remaining,2
burrowing,2
tunnel,2
elaborate,2
rogue,2
ingenious,2
soda,2
whisky,2
repay,2
sweeping,2
serenely,2
clattered,2
compliment,2
sprung,2
streamed,2
gaping,2
rending,2
momentary,2
chink,2
womanly,2
lurid,2
heavier,2
holes,2
dank,2
flash,2
preparations,2
misgivings,2
bullion,2
packed,2
contains,2
napoleons,2
borrowed,2
resources,2
strengthen,2
chairman,2
banks,2
divined,2
pawnbroker,2
cracks,2
perched,2
solemn,2
severely,2
cabs,2
thoroughfare,2
claws,2
bulldog,2
endless,2
humming,2
agree,2
turns,2
introducing,2
brain,2
grandfather,2
deference,2
buttoning,2
sad-faced,2
quarter-past,2
puzzle,2
hint,2
armed,2
nocturnal,2
confused,2
heel,2
army,2
contemplation,2
hunt,2
intuition,2
devouring,2
languor,2
swing,2
represented,2
alternately,2
conceive,2
relentless,2
merit,2
enthusiastic,2
abutted,2
swarm,2
inward,2
flowing,2
traffic,2
enemys,2
spies,2
wilsons,2
two-storied,2
underground,2
patients,2
plays,2
nodding,2
thrusting,2
featureless,2
proves,2
complain,2
earrings,2
acid,2
prank,2
£30,2
pound,2
hang,2
issues,2
wisely,2
pauls,2
edward,2
convenience,2
temporary,2
morris,2
flushing,2
roar,2
curt,2
cardboard,2
degrees,2
bade,2
foolscap,2
reasoned,2
copying,2
persuaded,2
blotting-paper,2
britannica,2
copy,2
billet,2
sickness,2
mornings,2
lengthened,2
spread,2
fund,2
groan,2
disgust,2
wax,2
deceived,2
plunged,2
suited,2
pinch,2
entertaining,2
brick,2
straw,2
holiday,2
applying,2
berths,2
instructions,2
millionaire,2
extra,2
crib,2
trustees,2
vacancies,2
vice,2
rabbit,2
faults,2
employers,2
employee,2
ideas,2
wages,2
assistants,2
1890,2
april,2
fleet,2
eligible,2
hopkins,2
ezekiah,2
follows,2
explaining,2
addition,2
literature,2
cuff,2
insult,2
developed,2
ships,2
good-fortune,2
manual,2
blazing,2
velvet,2
indications,2
flattened,2
puffed,2
portly,2
smaller,2
embellish,2
fingertips,2
helper,2
abruptly,2
withdraw,2
intrusion,2
fiery,2
refers,2
speaks,2
wit,2
affect,2
good-morning,2
wronged,2
resource,2
celebrated,2
departed,2
freedom,2
reveal,2
preceding,2
till,2
esq,2
chagrin,2
charing,2
queen,2
majestys,2
descended,2
impatience,2
slim,2
mister,2
practically,2
safer,2
narrowly,2
sliding,2
reaches,2
baby,2
impulse,2
all-important,2
fathom,2
spectacle,2
piteous,2
guessed,2
rocket,2
preventing,2
injuring,2
intrusted,2
treachery,2
purse,2
hell,2
lights,2
outlined,2
protect,2
sticks,2
savagely,2
struggling,2
loungers,2
earning,2
smart,2
curve,2
side-lights,2
gleam,2
pshaw,2
burgled,2
political,2
chances,2
well-dressed,2
scissors-grinder,2
animated,2
lamps,2
dusk,2
science,2
actor,2
assumed,2
sympathetic,2
baggy,2
smoke-rocket,2
neutral,2
insist,2
ringing,2
directions,2
separated,2
measures,2
departure,2
unexpected,2
watch-chain,2
license,2
assisting,2
mumbling,2
faster,2
fast,2
twenty-five,2
perch,2
die,2
sticking,2
half-buttoned,2
edgeware,2
regent,2
gross,2
waving,2
aquiline,2
balancing,2
widened,2
issue,2
transferred,2
sounded,2
campaign,2
confidant,2
calls,2
dashing,2
drives,2
sings,2
serpentine-mews,2
twopence,2
exchange,2
ostlers,2
noting,2
freemasonry,2
failing,2
apart,2
recorded,2
grim,2
chat,2
cabinet,2
kingdom,2
blanche,2
carte,2
yawn,2
threatens,2
strict,2
scandinavia,2
propose,2
waylaid,2
ransacked,2
seal,2
forgery,2
compromising,2
entangled,2
born,2
fishes,2
sandwiched,2
adopted,2
index,2
warsaw,2
briefly,2
confide,2
grand,2
addressing,2
condescend,2
languid,2
settling,2
kings,2
ormstein,2
grow,2
title,2
nobleman,2
kramm,2
accent,2
extending,2
fur,2
halfway,2
flaming,2
consisted,2
flame-coloured,2
bands,2
inches,2
whistled,2
pull,2
grating,2
hoofs,2
resolve,2
sparkled,2
shelves,2
monogram,2
t,2
p,2
e,2
stiff,2
packet,2
amiss,2
exaggerated,2
trusted,2
desires,2
aloud,2
experiences,2
hundreds,2
lighting,2
ease,2
active,2
pronounce,2
specimen,2
scraped,2
cuts,2
scored,2
thursday,2
harness,2
suits,2
dreams,2
attitude,2
brilliantly,2
employing,2
wooing,2
twentieth,2
holland,2
accomplished,2
summons,2
doings,2
hopeless,2
faculties,2
drifted,2
questionable,2
instrument,2
adjusted,2
admit,2
mens,2
mention,2
2,2
version,1
collections,1
additional,1
electronic,1
http//sherlock-holmes,1
variants,1
html,1
ascii,1
formatted,1
fitness,1
merchantablity,1
including,1
medium,1
implied,1
warranty,1
as-is,1
walsall,1
manifested,1
mauritius,1
solely,1
survived,1
standi,1
locus,1
free-handed,1
kind-spoken,1
arguments,1
blockaded,1
seaman,1
persevering,1
brain-fever,1
slighted,1
alices,1
assembled,1
relieve,1
sobered,1
dispatched,1
mangled,1
horribly,1
meeting,1
famished,1
itll,1
fed,1
loosed,1
staggering,1
hound,1
baying,1
wheres,1
confronted,1
burly,1
eaves,1
intentions,1
hunters,1
villainy,1
basketful,1
pallet,1
rickety,1
clouded,1
transverse,1
barricade,1
duplicates,1
snoring,1
thudding,1
door-step,1
setting,1
burnished,1
dealing,1
circumspect,1
bodes,1
derives,1
crueltys,1
abnormally,1
studying,1
valid,1
converse,1
tendencies,1
gaining,1
fiancé,1
sacrificed,1
illness,1
resembling,1
imprisoned,1
personate,1
facilitate,1
feat,1
sensible,1
wine-cellar,1
spellbound,1
insensibility,1
demon,1
eerie,1
overdid,1
coaxing,1
caressing,1
panted,1
clutching,1
overstrung,1
corresponded,1
barricaded,1
padlocked,1
dirt,1
cheerless,1
uncarpeted,1
unpapered,1
drinking,1
forbidden,1
lookout,1
jesting,1
hobbies,1
preoccupied,1
temples,1
crinkled,1
tollers,1
identical,1
undid,1
obtruded,1
impossibility,1
thickness,1
perfection,1
bunch,1
oversight,1
amuse,1
burglar,1
sentinel,1
jowl,1
tawny,1
calf,1
peaceful,1
rapt,1
silvered,1
idle,1
pretext,1
lays,1
trespasser,1
mustard,1
feed,1
carlo,1
planks,1
outhouse,1
disconnected,1
loitering,1
stares,1
lowered,1
railings,1
bearded,1
perceived,1
hand-mirror,1
consumed,1
sideways,1
inimitably,1
répertoire,1
humour,1
funniest,1
entire,1
vehemence,1
unmistakable,1
beige,1
electric-blue,1
iota,1
tiniest,1
detracted,1
whims,1
sour,1
uncouth,1
relevant,1
insects,1
mice,1
capture,1
talent,1
weaker,1
sulking,1
gloomy,1
alternation,1
disproportionately,1
ill-natured,1
tears,1
saddest,1
boisterous,1
bluff,1
forestalling,1
nonentity,1
reverse,1
colourless,1
uncomfortable,1
stepmother,1
forty-five,1
pale-faced,1
preserves,1
southertons,1
curves,1
slopes,1
streaked,1
ill-treatment,1
actual,1
awaited,1
cathedral,1
tower,1
appeals,1
hidden,1
deeds,1
beget,1
drunkards,1
thud,1
tortured,1
accomplish,1
sin,1
alleys,1
homesteads,1
isolation,1
curses,1
fogs,1
foliage,1
farm-steadings,1
aldershot,1
rolling,1
nip,1
exhilarating,1
flecked,1
acetones,1
1130,1
said],1
midday,1
urgent,1
brief,1
studies,1
trains,1
test-tube,1
retort,1
stooping,1
indulged,1
philanthropist,1
fad,1
abnormal,1
strayed,1
side-alley,1
fulfilled,1
prediction,1
bustled,1
grateful,1
sacrifice,1
define,1
£40,1
uneasy,1
outbreak,1
humours,1
asylum,1
lunatic,1
good-natured,1
purchasing,1
exacting,1
decision,1
overcome,1
obedience,1
gong,1
exert,1
offers,1
manageress,1
inspect,1
offhand,1
sacrificing,1
luxuriant,1
offensive,1
kind-hearted,1
slipper,1
cockroaches,1
killing,1
romper,1
country-house,1
rural,1
transaction,1
tradesmen,1
beforehand,1
slits,1
pocket-book,1
destitute,1
rearing,1
nutshell,1
deportment,1
attractions,1
pitiful,1
boiling,1
rank,1
prodigiously,1
ledgers,1
consults,1
anteroom,1
employment,1
seeking,1
founder,1
westaway,1
westaways,1
advertisements,1
scotia,1
nova,1
halifax,1
greet,1
troubling,1
plovers,1
freckled,1
montague,1
zero-point,1
boarding-schools,1
pencils,1
degenerating,1
originality,1
enterprise,1
shades,1
compositor,1
tooth,1
weaver,1
unobservant,1
avoiding,1
proportion,1
shortcomings,1
literary,1
lecture,1
continuously,1
dipping,1
wreaths,1
blurs,1
dun-coloured,1
lectures,1
degraded,1
impersonal,1
conceit,1
selfishness,1
egotism,1
repelled,1
coldness,1
notable,1
placing,1
confining,1
statements,1
attempting,1
meditative,1
disputatious,1
cherry-wood,1
tongs,1
cinder,1
absolved,1
synthesis,1
figured,1
trials,1
célèbres,1
prominence,1
manifestations,1
lowliest,1
telegraph,1
wherever,1
apologise,1
exceeded,1
1000,1
chaffering,1
promising,1
receiver,1
reasonable,1
life-preserver,1
bluster,1
astute,1
vagabond,1
ill-dressed,1
journeyed,1
cast-off,1
buying,1
valet,1
flatter,1
gratitude,1
outweigh,1
excluded,1
maxim,1
prize,1
effected,1
overseen,1
instep,1
outline,1
framework,1
smudge,1
depression,1
naked,1
booted,1
random,1
wooden-leg,1
indistinguishable,1
misjudged,1
preserved,1
chivalrous,1
betraying,1
warmest,1
tugging,1
crushing,1
hid,1
thrilling,1
passage-lamp,1
petrified,1
wooden-legged,1
escapade,1
extinguishes,1
kindled,1
tool,1
breathed,1
admitted,1
hardest,1
repeat,1
proud,1
hugged,1
passionate,1
triangular,1
£4000,1
check-book,1
excessive,1
ill-service,1
fruitless,1
worry,1
differently,1
thoughtless,1
prosperous,1
lethargy,1
weariness,1
whiter,1
pinched,1
lateness,1
uncommon,1
congenial,1
imply,1
gossiping,1
chucked,1
bread,1
rounds,1
joint,1
slice,1
will-o-the-wisp,1
trail,1
topic,1
limit,1
altered,1
inscrutable,1
lighter,1
recoiled,1
finest,1
jewellers,1
diadem,1
pausing,1
magician,1
prosper,1
green-grocer,1
planned,1
fasten,1
mat,1
proving,1
facing,1
hushing,1
consequences,1
harshly,1
liberated,1
caress,1
crying,1
paleness,1
pallor,1
stables,1
thicket,1
snow-clad,1
carriage-sweep,1
good-sized,1
modest,1
desultory,1
suburb,1
stirred,1
accompanying,1
tenable,1
nobody,1
involved,1
probing,1
planking,1
sounding,1
awoke,1
four-and-twenty,1
droning,1
rocked,1
unravelling,1
formalities,1
threats,1
persuasions,1
forgiven,1
reparation,1
heinous,1
nation,1
convulse,1
theft,1
sullenly,1
house-maid,1
astir,1
liar,1
blackguard,1
wrenching,1
ere,1
tended,1
lucid,1
singularly,1
kissed,1
farthing,1
demand,1
generous,1
£200,1
box-room,1
suppressing,1
tender,1
sunbeam,1
distrusted,1
cynical,1
glamour,1
talker,1
everywhere,1
fascination,1
turf,1
squander,1
purses,1
wayward,1
sterner,1
fade,1
grievous,1
admirers,1
reliability,1
maid-servants,1
breathe,1
safes,1
alter,1
consented,1
ensue,1
entailed,1
responsibility,1
refrain,1
reclaim,1
illustrious,1
estimate,1
incalculable,1
chasing,1
jewellery,1
imbedded,1
empire,1
possessions,1
businesslike,1
parley,1
unwise,1
borrow,1
£50000,1
advancing,1
overwhelmed,1
libraries,1
loans,1
lucrative,1
depositors,1
increasing,1
funds,1
remunerative,1
foremost,1
stevenson,1
alexander,1
befallen,1
compose,1
frightful,1
affliction,1
unseat,1
tight,1
fighting,1
heaving,1
fatigued,1
chatted,1
swayed,1
smiles,1
gesticulating,1
resounded,1
professionally,1
contortions,1
waggled,1
springs,1
pearl-grey,1
well-cut,1
commanding,1
imposing,1
metropolitan,1
passengers,1
slippery,1
dangerously,1
foot-paths,1
heaped-up,1
crumbly,1
ploughed,1
wintry,1
shimmering,1
madman,1
bow-window,1
bleak,1
mercifully,1
paternal,1
thither,1
226,1
forwarded,1
duplicate,1
items,1
northumberland,1
eightpence,1
prior,1
parlance,1
claim-jumping,1
significant,1
resort,1
obtaining,1
device,1
simons,1
scenes,1
womanhood,1
exclusion,1
acquire,1
repented,1
undergo,1
viewed,1
narrated,1
stripes,1
quartering,1
flag,1
world-wide,1
far-gone,1
minister,1
blundering,1
monarch,1
folly,1
stalked,1
included,1
developments,1
acquiesce,1
lordship,1
frowning,1
relaxed,1
meanly,1
paris,1
wedding-clothes,1
lords,1
sending,1
openness,1
apaches,1
beckoned,1
scribble,1
bee,1
buzz,1
ghost,1
rails,1
franks,1
indians,1
apache,1
mexico,1
arizona,1
prospecting,1
montana,1
shouldnt,1
lasting,1
poorer,1
petered,1
rockies,1
mcquires,1
alert,1
sunburnt,1
wiry,1
pleading,1
hay,1
advocate,1
lenient,1
landing,1
unprecedented,1
abrupt,1
standpoint,1
purest,1
subjected,1
authority,1
measure,1
messenger,1
bustling,1
arabian,1
genii,1
luxuries,1
cobwebby,1
ancient,1
pie,1
gras,1
foie,1
pâté,1
pheasant,1
brace,1
mahogany,1
lodging-house,1
epicurean,1
unpacked,1
confectioners,1
outdoor,1
sadly,1
myth,1
rival,1
drawled,1
8d,1
1s,1
cocktail,1
8s,1
oct,1
triumph,1
riveted,1
lured,1
confederates,1
fhm,1
slapped,1
blunders,1
bitterness,1
implicating,1
park-keeper,1
margin,1
nut,1
wedding-ring,1
soaked,1
wreath,1
satin,1
watered,1
wedding-dress,1
tumbled,1
fountain,1
trafalgar,1
dragging,1
infernal,1
twinkle,1
canvas,1
nautical,1
attired,1
tumbler,1
franco-prussian,1
munich,1
pre-existing,1
thoreaus,1
trout,1
cross-questioning,1
detain,1
conceivable,1
aspired,1
deranged,1
propound,1
characters,1
transformer,1
supposition,1
fellows,1
threatening,1
expressions,1
abusive,1
uttering,1
hot-headed,1
ungenerously,1
hyde,1
deposes,1
breakfast-room,1
jumping,1
overhear,1
liberties,1
re-entering,1
common-looking,1
exclude,1
vestry,1
childish,1
relate,1
accompli,1
fait,1
renewed,1
exquisite,1
lustrous,1
artist,1
miniature,1
ivory,1
repugnant,1
dishonourable,1
self-sacrifice,1
heroic,1
cough,1
resolutions,1
fearless,1
volcanic,1
impetuous,1
traditions,1
unfettered,1
tomboy,1
mountains,1
bounds,1
leaps,1
invested,1
pacific,1
travelling,1
directly,1
supplementing,1
prints,1
extend,1
eyeglasses,1
light-coloured,1
patent-leather,1
foppishness,1
curly-brimmed,1
bend,1
stoop,1
undue,1
well-opened,1
steady,1
petulance,1
high-nosed,1
cultured,1
page-boy,1
worlds,1
danseuse,1
speedy,1
conjunction,1
believing,1
apparelled,1
footmen,1
comment,1
indisposition,1
interruption,1
footman,1
ejected,1
alleging,1
bridal,1
ascertained,1
whittington,1
alicia,1
clara,1
eustace,1
performed,1
disregard,1
affecting,1
persistently,1
episodes,1
consternation,1
occurrence,1
incomplete,1
petersfield,1
backwaters,1
peeress,1
transition,1
alliance,1
gainer,1
californian,1
birchmoor,1
expectancies,1
currently,1
festivities,1
westbury,1
graceful,1
definitely,1
arrows,1
invaders,1
prizes,1
cousins,1
britain,1
principle,1
free-trade,1
protection,1
amplifying,1
terse,1
usa,1
cal,1
rumour,1
says],1
selections,1
van,1
disliked,1
refer,1
distaff,1
tudor,1
descent,1
plantagenet,1
inherit,1
administration,1
under-secretary,1
mature,1
forty-one,1
1846,1
sable,1
fess,1
caltrops,1
azure,1
vere,1
walsingham,1
flattening,1
red-covered,1
extracts,1
arrange,1
smear,1
quill,1
mansions,1
paramount,1
assures,1
reliance,1
implicit,1
tells,1
diligently,1
status,1
affectation,1
summonses,1
unwelcome,1
humbler,1
tide-waiter,1
fish-monger,1
crest,1
saturated,1
throbbed,1
afghan,1
relic,1
bullet,1
jezail,1
stroll,1
episode,1
memoir,1
drama,1
four-year-old,1
gossips,1
piquant,1
eclipsed,1
scandals,1
moves,1
termination,1
assisted,1
bold,1
unusually,1
out-house,1
stored,1
tin,1
nickel,1
masses,1
dearly,1
piping,1
reduced,1
sunset,1
window-sill,1
severed,1
firemen,1
ingenuity,1
fugitives,1
containing,1
cart,1
peasant,1
striving,1
vainly,1
fire-engines,1
spouting,1
topped,1
foreigner,1
better-lined,1
bechers,1
steamed,1
landscape,1
ostrich,1
destined,1
half-crowns,1
amalgam,1
scale,1
coiners,1
ruse,1
twelve-mile,1
vote,1
casting,1
compass,1
boxed,1
diversity,1
agrees,1
softened,1
compasses,1
ordnance,1
captured,1
pirates,1
out-and-out,1
explains,1
overhauled,1
represents,1
aged,1
hayling,1
jeremiah,1
cuttings,1
ponderous,1
ugly,1
pursuers,1
smarting,1
wounded,1
coat-sleeve,1
dew,1
buzzing,1
painfully,1
throbbing,1
dizziness,1
loosened,1
elise,1
risks,1
ill-used,1
ruffian,1
saviour,1
clambered,1
wholesome,1
butchers,1
scorn,1
so-precious,1
breathlessly,1
rejected,1
foolishly,1
plucking,1
frantic,1
half-fainting,1
gush,1
wavering,1
shuddered,1
spine,1
upraised,1
cries,1
drowned,1
clanking,1
remorseless,1
nails,1
pulp,1
grind,1
jerkily,1
cylinder,1
leaking,1
swish,1
clank,1
shoves,1
kicks,1
baleful,1
rashness,1
tricked,1
cadaverous,1
scraping,1
crust,1
inadequate,1
designed,1
fabrication,1
socket,1
driving-rod,1
india-rubber,1
regurgitation,1
leakage,1
whishing,1
exercising,1
stiffness,1
multiply,1
transmit,1
lateral,1
tons,1
piston,1
fellow-countryman,1
disregarded,1
unconcerned,1
unhealthy,1
peeling,1
carpets,1
hollowed,1
thresholds,1
staircases,1
passages,1
corridors,1
dig,1
chinchilla,1
despairing,1
overhead,1
renew,1
monomaniac,1
payment,1
slink,1
wearisome,1
engage,1
headstrong,1
hinders,1
tune,1
secluded,1
towns,1
out-of-the-way,1
steal,1
ticking,1
country-side,1
hoping,1
poetry,1
volumes,1
treatises,1
harmonium,1
monosyllable,1
gruff,1
gloss,1
broader,1
fumbled,1
faintly,1
fleeting,1
porch,1
smoothness,1
bumping,1
flagged,1
monosyllables,1
monotony,1
hazarded,1
blur,1
frosted,1
jolted,1
lurched,1
intensity,1
interrupted,1
tired-looking,1
interjected,1
wicket,1
passenger,1
dim-lit,1
injunction,1
necessity,1
patron,1
tenfold,1
revealing,1
gravel,1
dug,1
excavating,1
rouse,1
jealously,1
operations,1
secretly,1
gold-mine,1
eavesdroppers,1
commit,1
accommodate,1
judged,1
convenient,1
shake-down,1
oxfordshire,1
munificent,1
gear,1
stamping,1
restrain,1
antics,1
repulsion,1
masters,1
lightning,1
darting,1
qualifications,1
preserving,1
proficient,1
forty,1
emaciation,1
tense,1
sharpened,1
thinness,1
exceeding,1
engraved,1
clerk,1
£27,1
consultations,1
dreary,1
greenwich,1
matheson,1
venner,1
apprenticed,1
detailed,1
heavy-lidded,1
cure,1
bandaged,1
stimulant,1
tired,1
eggs,1
rashers,1
collected,1
dottles,1
plugs,1
before-breakfast,1
bandage,1
wincing,1
bandages,1
carbolised,1
wadding,1
cotton,1
sponged,1
attack,1
hydraulics,1
twig,1
bled,1
hacked,1
spongy,1
shudder,1
unwound,1
pale-looking,1
outbursts,1
caraffe,1
library-chair,1
regret,1
abode,1
16a,1
victor,1
side-table,1
inquiring,1
suffering,1
masculine,1
five-and-twenty,1
mottled,1
heather,1
dooties,1
couldnt,1
caged,1
jerking,1
ally,1
virtues,1
lingering,1
cured,1
officials,1
steadily,1
forgo,1
summarise,1
weaken,1
lapse,1
furnishes,1
clears,1
evolve,1
half-column,1
bloc,1
en,1
achieved,1
deductive,1
openings,1
inception,1
afforded,1
madness,1
warburtons,1
hatherleys,1
intimacy,1
weigh,1
snakish,1
hiss,1
hastily,1
dispel,1
punctures,1
sharp-eyed,1
rapidity,1
ruthless,1
creatures,1
coupled,1
erroneous,1
indiscreetly,1
prolong,1
reptiles,1
noose,1
dog-whip,1
shelter,1
digs,1
falls,1
schemer,1
recoil,1
adder,1
swamp,1
serpent,1
loathsome,1
diamond-shaped,1
squat,1
reared,1
headgear,1
speckles,1
brownish,1
turkish,1
heelless,1
ankles,1
ajar,1
beam,1
echoes,1
parsonage,1
distant,1
yell,1
swelled,1
loathing,1
flashing,1
kettle,1
escaping,1
steam,1
audible,1
straining,1
heated,1
oil,1
boomed,1
whine,1
catlike,1
night-bird,1
ray,1
open-eyed,1
vigil,1
trumpet,1
creeping,1
daytime,1
pets,1
distorted,1
darted,1
laurel,1
breaches,1
unrepaired,1
twinkling,1
extinguished,1
horrors,1
pritchard,1
palmer,1
hinting,1
dies,1
coincidence,1
element,1
scruples,1
clinched,1
fury,1
undoing,1
looming,1
threaten,1
tangible,1
fright,1
pitys,1
investigate,1
occupy,1
hasp,1
undo,1
headache,1
pretence,1
compliance,1
reverie,1
liking,1
squatted,1
satisfying,1
technical,1
camp-bed,1
step-daughter,1
ventilate,1
ventilators,1
bell-ropes,1
changes,1
builder,1
tug,1
panelled,1
crawled,1
newer,1
housekeepers,1
tassel,1
worm-eaten,1
panelling,1
wilton,1
wicker-work,1
white-counterpaned,1
country-houses,1
bolted,1
scratching,1
masonry,1
tested,1
unapproachable,1
alterations,1
pending,1
outsides,1
ill-trimmed,1
workmen,1
stone-work,1
scaffolding,1
repair,1
caved,1
partly,1
crab,1
curving,1
lichen-blotched,1
aunts,1
sketched,1
splendidly,1
architects,1
climbed,1
shading,1
foot-path,1
cluster,1
mansion,1
roof-tree,1
gables,1
jutted,1
grove,1
thickening,1
timbered,1
shoots,1
lanes,1
hired,1
catching,1
tooth-brush,1
pokers,1
eleys,1
dawdling,1
pittance,1
£250,1
£750,1
£1100,1
total,1
excursion,1
commons,1
allowing,1
zest,1
confound,1
insolence,1
feeble,1
meddle,1
decided,1
jack-in-office,1
busybody,1
meddler,1
imperturbably,1
crocuses,1
stepdaughter,1
apparition,1
bile-shot,1
deep-set,1
span,1
breadth,1
doorway,1
stepdaughters,1
combine,1
impassable,1
lightened,1
trip,1
spots,1
livid,1
fringed,1
lace,1
frill,1
herald,1
thrill,1
opposition,1
crane,1
percy,1
lonelier,1
waters,1
adjective,1
handkerchiefs,1
staples,1
satisfactory,1
notorious,1
investigated,1
match-box,1
charred,1
night-dress,1
creaking,1
beloved,1
convulsion,1
stabbed,1
fain,1
convulsed,1
drunkard,1
swaying,1
blanched,1
corridor-lamp,1
horror-stricken,1
revolved,1
shawl,1
splashing,1
howling,1
allied,1
souls,1
bind,1
links,1
impending,1
consequence,1
chatting,1
buildings,1
manor-house,1
cushion,1
marines,1
half-pay,1
westphail,1
honoria,1
whiten,1
villagers,1
animals,1
tents,1
hospitality,1
bramble-covered,1
encamp,1
vagabonds,1
gypsies,1
parapet,1
blacksmith,1
folks,1
brawls,1
tropics,1
intensified,1
mania,1
ferocious,1
overjoyed,1
exchanging,1
ancestral,1
crewe,1
annual,1
provision,1
bequeathed,1
re-marriage,1
artillery,1
bengal,1
major-general,1
widow,1
term,1
native,1
perpetrated,1
calcutta,1
enabled,1
obtained,1
adapt,1
pauper,1
squire,1
mortgage,1
two-hundred-year-old,1
regency,1
wasteful,1
dissolute,1
heirs,1
century,1
estates,1
western,1
saxon,1
oldest,1
encompass,1
manifold,1
averted,1
defray,1
tiara,1
opal,1
case-book,1
surrounds,1
sore,1
cares,1
continues,1
vehicle,1
spattered,1
ticket,1
forearm,1
patting,1
soothingly,1
all-comprehensive,1
premature,1
hunted,1
restless,1
requested,1
changing,1
shiver,1
shivering,1
accompany,1
unravelled,1
basis,1
intuitions,1
rapid,1
keener,1
outset,1
insists,1
retorted,1
resentment,1
blinked,1
riser,1
woke,1
untimely,1
freed,1
bachelors,1
association,1
acquirement,1
comic,1
tragic,1
seventy,1
jail-bird,1
commuting,1
collapse,1
deficiencies,1
sobbing,1
convulsive,1
branded,1
barred-tailed,1
chose,1
kill,1
flock,1
huffed,1
expressly,1
yonder,1
jems,1
fattest,1
gullet,1
gulp,1
prying,1
shed,1
waddling,1
agonies,1
pentonville,1
serving,1
maudsley,1
wondered,1
upset,1
sweat,1
parched,1
cringe,1
christs,1
bible,1
scrupulous,1
acquired,1
ladyships,1
accuser,1
tinge,1
shrimp,1
games,1
disown,1
glaring,1
many-pointed,1
strong-box,1
bonniest,1
quivered,1
seasonable,1
filed,1
unclaspings,1
claspings,1
windfall,1
half-hopeful,1
half-frightened,1
alias,1
sweetly,1
sidelong,1
robinson,1
market-place,1
wind-swept,1
cosy,1
hailed,1
quivering,1
longed,1
overhearing,1
quavering,1
vestige,1
gas-light,1
flaring,1
striding,1
flitted,1
inquirer,1
proosia,1
whined,1
silly,1
pestering,1
cringing,1
rat-faced,1
surly,1
wager,1
un,1
lamp-post,1
slab,1
chagrined,1
12s,1
underneath,1
7s,1
twenty-four,1
entry,1
supplier,1
poultry,1
249,1
suppliers,1
finish,1
greasy-backed,1
grimly,1
teach,1
nipper,1
handled,1
pestered,1
shant,1
supplied,1
akimbo,1
gas-flare,1
marble,1
helping,1
horsey-looking,1
slums,1
zigzag,1
endell,1
servitude,1
penal,1
frosty,1
prosperity,1
thems,1
white-aproned,1
ruddy-faced,1
bloomsbury,1
wigmore,1
harley,1
wimpole,1
crisply,1
shots,1
throats,1
cravats,1
ulsters,1
pomposity,1
duly,1
host,1
tucked,1
fancier,1
fowl,1
shrug,1
membra,1
disjecta,1
relics,1
feathers,1
sigh,1
assaulted,1
plentiful,1
shamefaced,1
ill-usage,1
learning,1
choosing,1
staccato,1
lank,1
tremor,1
sloping,1
intelligent,1
rounded,1
winter,1
adapted,1
circulation,1
geniality,1
fanlight,1
semicircle,1
delayed,1
occurrences,1
dine,1
purveyor,1
crystallised,1
forty-grain,1
vitriol-throwing,1
murders,1
ruby,1
amoy,1
bloody,1
facet,1
baits,1
focus,1
nucleus,1
sparkles,1
glints,1
bonny,1
echo,1
standard,1
mall,1
pall,1
globe,1
mischance,1
concise,1
221b,1
630,1
recourse,1
simplest,1
played,1
offence,1
summarily,1
dismay,1
ryders,1
deposed,1
casket,1
solder,1
upper-attendant,1
26,1
doubled,1
smoothed,1
aright,1
background,1
considerations,1
sentimental,1
plumped,1
diamond,1
trove,1
purity,1
bean,1
scintillating,1
fairer,1
gas-jet,1
tallow-stains,1
guttering,1
peace-offering,1
nay,1
allows,1
accumulation,1
perspired,1
wearer,1
gritty,1
odour,1
adhesive,1
barber,1
scissors,1
hair-ends,1
discloses,1
plausible,1
daubing,1
weakening,1
hats,1
disc,1
assuredly,1
ribbed,1
quality,1
brims,1
cubic,1
stupid,1
attained,1
patent,1
anoints,1
sedentary,1
remonstrance,1
balance,1
handing,1
patches,1
brim,1
makers,1
ultimate,1
fulfil,1
finder,1
eaten,1
restore,1
ours,1
legible,1
restored,1
victory,1
spoils,1
battle,1
uniform,1
official-looking,1
assailants,1
smashed,1
defend,1
slung,1
stagger,1
tallish,1
gaslight,1
jollification,1
honest,1
petersons,1
roasting,1
billycock,1
trophy,1
category,1
allude,1
combination,1
humanity,1
space,1
jostling,1
beings,1
million,1
linked,1
crystals,1
ice,1
warmed,1
instruction,1
interrupt,1
suspended,1
forceps,1
hard-felt,1
pipe-rack,1
compliments,1
wishing,1
consuming,1
oaths,1
prosecuted,1
approvingly,1
customer,1
sailor,1
unobserved,1
scrawl,1
preference,1
thames,1
reopening,1
betray,1
pierce,1
wig,1
pigments,1
entreated,1
dressing,1
ambitious,1
repartee,1
facility,1
£700,1
transform,1
squalid,1
keeper,1
filling,1
inspiring,1
reporting,1
won,1
dollars,1
arduous,1
creditor,1
fortnights,1
£25,1
writ,1
backed,1
4d,1
26s,1
plied,1
match-seller,1
ostensibly,1
appropriate,1
painted,1
attainments,1
green-room,1
secrets,1
base,1
volunteered,1
editor,1
reporter,1
chesterfield,1
blot,1
execution,1
endured,1
proper,1
convince,1
detained,1
illegally,1
cake,1
twenty-seven,1
abandons,1
smooth-skinned,1
black-haired,1
refined-looking,1
twitch,1
seamed,1
peeled,1
prisoners,1
moistened,1
water-jug,1
slumber,1
doesnt,1
bath-sponge,1
tools,1
wheal,1
ugliness,1
grime,1
coarsely,1
bath,1
tinkers,1
remanded,1
beggarman,1
telephone,1
office-like,1
frogged,1
peaked,1
stone-flagged,1
saluted,1
wheeled,1
wellington,1
sleepily,1
risers,1
earliest,1
wisdom,1
gallop,1
flicking,1
lifeless,1
carts,1
half-clad,1
sunshine,1
bathroom,1
kicked,1
deserve,1
fools,1
heap,1
haze,1
strong-set,1
motionless,1
vacantly,1
briar,1
divan,1
constructed,1
armchairs,1
cushions,1
collecting,1
preparing,1
fathomed,1
unsolved,1
leaped,1
inarticulate,1
unthinkable,1
corroborate,1
respond,1
discourage,1
lighten,1
chewing,1
gummed,1
water-mark,1
octavo,1
fly-leaf,1
rectify,1
signet-ring,1
blotted,1
stamped,1
intently,1
smoothing,1
galvanised,1
embarrassed,1
feelings,1
well-lit,1
campaigner,1
half-raised,1
flood,1
chiffon,1
soie,1
mousseline,1
blonde,1
hate,1
welcome,1
conducting,1
middlesex,1
straggling,1
whirling,1
detailing,1
coats,1
stuffs,1
beggary,1
fruits,1
accumulated,1
hoard,1
rushes,1
swim,1
seize,1
tell-tale,1
speciously,1
sucked,1
stripped,1
eddy,1
270,1
421,1
stuffed,1
receded,1
uncovered,1
mud-bank,1
ebbing,1
protesting,1
dreaming,1
assertion,1
strenuously,1
adding,1
nail,1
ring-finger,1
shirt-sleeve,1
blood-stains,1
incriminate,1
remedied,1
arresting,1
barton,1
compensated,1
weakness,1
well-nurtured,1
prime,1
single-handed,1
chaff,1
mendicants,1
disfigured,1
reaped,1
harvest,1
greasy,1
descends,1
charity,1
vestas,1
pretends,1
regulations,1
defence,1
accessory,1
antecedents,1
implicated,1
villains,1
swimming,1
exit,1
socks,1
windowsill,1
strip,1
abominable,1
childrens,1
cascade,1
deluded,1
denial,1
stoutly,1
wretch,1
crippled,1
resistance,1
accompanied,1
acts,1
dane,1
aided,1
necktie,1
feminine,1
irresistible,1
describes,1
second-floor,1
435,1
companys,1
shopping,1
shipping,1
expecting,1
parcel,1
commissions,1
earlier,1
weighing,1
£220,1
£88,1
ascertain,1
temperate,1
thirty-seven,1
cannon,1
514,1
companies,1
brewer,1
1887,1
1884,1
concisely,1
thread,1
somehow,1
meets,1
over-pleasant,1
gift,1
current,1
sorely,1
rifts,1
wrack,1
revellers,1
belated,1
shouts,1
songs,1
mortar,1
wilderness,1
sluggishly,1
murky,1
balustraded,1
flicked,1
seven-mile,1
chronicler,1
comrade,1
lanterns,1
tunnels,1
shrilly,1
forefingers,1
murder-trap,1
moonless,1
trap-door,1
vengeance,1
rascally,1
purchase,1
sots,1
ramblings,1
incoherent,1
weaknesses,1
injections,1
opium-smoking,1
shuffled,1
decrepit,1
normal,1
mastery,1
requests,1
mischief,1
sottish,1
senility,1
loose-lipped,1
doddering,1
subsided,1
lassitude,1
absorbed,1
fumes,1
stupefying,1
19th,1
twitter,1
unkempt,1
berth,1
malay,1
resting,1
stool,1
three-legged,1
neighbour,1
heed,1
tailing,1
gushes,1
bowls,1
waned,1
waxed,1
shadows,1
lack-lustre,1
chins,1
poses,1
emigrant,1
forecastle,1
terraced,1
latch,1
flickering,1
ceaseless,1
ordering,1
cave,1
gap,1
steep,1
gin-shop,1
slop-shop,1
lurking,1
alley,1
eastward,1
speeding,1
ruffians,1
docks,1
dregs,1
eight-and-forty,1
spell,1
twitching,1
orgies,1
hitherto,1
surest,1
comforted,1
soothed,1
comfortably,1
wine,1
light-house,1
stuff,1
dark-coloured,1
linoleum,1
needle-work,1
pupils,1
pin-point,1
pasty,1
slave,1
laudanum,1
sensations,1
quinceys,1
freak,1
addicted,1
theological,1
dd,1
carved,1
l,1
stern-post,1
murderers,1
cable,1
cargo,1
loading,1
stevedore,1
germans,1
finns,1
americans,1
native-born,1
mates,1
wight,1
isle,1
goodwins,1
easterly,1
vessels,1
origin,1
texas,1
tonnage,1
career,1
files,1
registers,1
lloyds,1
leader,1
precursor,1
sleepless,1
chuckling,1
enters,1
await,1
o,1
j,1
squeezed,1
pieces,1
trade-mark,1
devilish,1
unavenged,1
starving,1
washing,1
voraciously,1
devoured,1
loaf,1
flies,1
spun,1
win,1
embankment,1
unclasping,1
clasping,1
sends,1
depressed,1
landing-stages,1
exhibited,1
steamboats,1
landing-places,1
water-police,1
rescue,1
stormy,1
cook,1
police-constable,1
unopened,1
openshaws,1
brightness,1
fellow-men,1
societys,1
implacable,1
coincident,1
outbreaks,1
sporadic,1
community,1
classes,1
flourished,1
perpetrators,1
braving,1
systematic,1
unfailingly,1
abjure,1
receiving,1
seeds,1
melon,1
oak-leaves,1
sprig,1
preceded,1
opposed,1
murdering,1
voters,1
negro,1
terrorising,1
principally,1
carolinas,1
louisiana,1
tennessee,1
notably,1
soldiers,1
ex-confederate,1
rifle,1
cocking,1
fanciful,1
badge,1
ceases,1
determination,1
deceive,1
persecution,1
senders,1
caution,1
urgency,1
sailing,1
steamer,1
token,1
fulfilment,1
threat,1
seaports,1
postmarks,1
successors,1
suggests,1
solitude,1
provincial,1
climate,1
willingly,1
muster,1
library,1
stocked,1
brain-attic,1
grinned,1
self-poisoner,1
swordsman,1
boxer,1
violin-player,1
unsystematic,1
anatomy,1
chemistry,1
region,1
mud-stains,1
geology,1
variable,1
botany,1
zero,1
astronomy,1
philosophy,1
document,1
friendship,1
rightly,1
accomplishment,1
encyclopaedias,1
implies,1
utilise,1
sought,1
accurately,1
correctly,1
cuvier,1
bearings,1
pursue,1
sholtos,1
chased,1
smoke-rings,1
glow,1
reabsorbed,1
sea-weed,1
blown,1
elements,1
splashed,1
imminent,1
meanwhile,1
parties,1
punish,1
theirs,1
weave,1
assert,1
folding,1
12th,1
10th,1
augustine,1
7th,1
enigmatical,1
ragged,1
helps,1
destruction,1
margins,1
unburned,1
remembrance,1
blue-tinted,1
advised,1
raved,1
imbecility,1
incredible,1
clenched,1
accidents,1
jokes,1
precautions,1
resistless,1
rabbits,1
comfort,1
generation,1
curse,1
dependent,1
dispose,1
inheritance,1
well-nigh,1
accidental,1
unfenced,1
chalk-pit,1
twilight,1
fareham,1
skull,1
abound,1
chalk-pits,1
imploring,1
portsdown,1
forts,1
freebody,1
forebodings,1
argue,1
forbid,1
sundials,1
tomfoolery,1
civilised,1
courage,1
gripping,1
peeping,1
cock-and-bull,1
politicians,1
carpet-bag,1
reconstruction,1
soldier,1
note-books,1
receipts,1
memoranda,1
label,1
2nd,1
10,1
supposed,1
reception,1
interposed,1
£14000,1
ado,1
winced,1
green-scummed,1
sallies,1
abuse,1
glisten,1
brazen,1
tumultuously,1
sheep,1
cooped,1
sensation,1
pondered,1
two-edged,1
enjoy,1
descend,1
disadvantages,1
oath,1
checkmate,1
cashbox,1
gum,1
overtaken,1
colonels,1
stamp,1
bundles,1
trunks,1
collection,1
keyhole,1
permit,1
attics,1
privacy,1
sixteen,1
tradespeople,1
representative,1
draughts,1
backgammon,1
sober,1
1878,1
foul-mouthed,1
quick-tempered,1
franchise,1
negroes,1
sussex,1
1870,1
hood,1
jacksons,1
fought,1
planter,1
emigrated,1
competence,1
tire,1
unbreakable,1
patentee,1
bicycling,1
invention,1
enlarged,1
coventry,1
factory,1
joseph,1
appeal,1
successes,1
cheating,1
tankerville,1
distinctive,1
caps,1
chalk,1
south-west,1
snug,1
intruding,1
anxiously,1
streaming,1
refinement,1
trimly,1
well-groomed,1
two-and-twenty,1
vacant,1
landladys,1
crony,1
encourage,1
dweller,1
waves,1
sea,1
swash,1
lengthen,1
blend,1
howl,1
sea-stories,1
russells,1
clark,1
cross-indexing,1
moodily,1
cage,1
beasts,1
untamed,1
civilisation,1
mankind,1
forces,1
elemental,1
hand-made,1
september,1
poisoning,1
uffa,1
patersons,1
grice,1
anderson,1
sophy,1
warehouse,1
luxurious,1
mendicant,1
paradol,1
headings,1
87,1
tempted,1
startling,1
partially,1
beginnings,1
illustrate,1
qualities,1
90,1
82,1
rests,1
prospect,1
counsel,1
defending,1
acquitted,1
baxters,1
worms,1
tricks,1
stumbled,1
tottering,1
deathbeds,1
farewell,1
mortal,1
condemned,1
intend,1
fetch,1
beast,1
venomous,1
meshes,1
atone,1
martyrdom,1
sinned,1
bond,1
slut,1
urging,1
uppermost,1
midway,1
cursed,1
forgetfulness,1
hail,1
law-abiding,1
touching,1
investment,1
leaf,1
wee,1
earned,1
chanced,1
pals,1
wagon-driver,1
swag,1
volley,1
saddles,1
emptied,1
troopers,1
melbourne,1
convoy,1
wagons,1
stopping,1
robber,1
bush,1
hot-blooded,1
60s,1
blasted,1
incarnate,1
extremity,1
jot,1
diabetes,1
chronic,1
tinged,1
combined,1
craggy,1
deep-lined,1
decrepitude,1
limping,1
impressive,1
ushering,1
waiter,1
net,1
tip,1
rotterdam,1
varieties,1
140,1
enables,1
left-handedness,1
lame,1
limped,1
lameness,1
personality,1
vagueness,1
granting,1
garment,1
narrowed,1
syllables,1
arat,1
australians,1
attract,1
earshot,1
presuming,1
research,1
expound,1
preach,1
perplexing,1
pained,1
laughing-stock,1
undertake,1
populous,1
unfinished,1
verrons,1
nous,1
hard-headed,1
sceptic,1
shooting-boots,1
thick-soled,1
wears,1
limps,1
lain,1
luncheon,1
pathway,1
jagged,1
beech,1
soles,1
wallowed,1
buffalo,1
herd,1
vanishes,1
rake,1
fished,1
dwelling,1
landowners,1
site,1
pinnacles,1
jutting,1
boundary,1
reed-girt,1
contemptuous,1
indifferent,1
meadow,1
detour,1
bounded,1
marshy,1
unheeded,1
concentrated,1
dilate,1
sinewy,1
steely,1
darkened,1
logician,1
transformed,1
court-yard,1
smokeless,1
lichen,1
slate-roofed,1
brighter,1
junior,1
warmth,1
demurely,1
winking,1
proposal,1
constitution,1
sixty,1
despaired,1
foretold,1
meredith,1
crucial,1
consoled,1
dockyard,1
bermuda,1
supporting,1
goading,1
upbraided,1
registry,1
idiot,1
boarding-school,1
insanely,1
madly,1
thereby,1
comely,1
quick-witted,1
fagged,1
lestrades,1
improbabilities,1
tissue,1
kneeling,1
hardihood,1
cudgelled,1
commonly,1
occipital,1
parietal,1
posterior,1
deposition,1
surgeons,1
verbatim,1
weekly,1
glade,1
screams,1
calamity,1
supposing,1
puny,1
reconsider,1
over-tender,1
disappoint,1
impulsively,1
undertaking,1
misses,1
gold-mines,1
mines,1
willows,1
blush,1
disagreements,1
defiantly,1
loophole,1
tender-hearted,1
fastening,1
repeatedly,1
plainer,1
pikestaff,1
indulgently,1
abomination,1
cigarettes,1
caseful,1
twenty-nine,1
barometric,1
complimentary,1
recognising,1
surroundings,1
rustic,1
leather-leggings,1
dustcoat,1
sly-looking,1
furtive,1
ferret-like,1
country-town,1
severn,1
gleaming,1
stroud,1
swindon,1
petrarch,1
whither,1
evolved,1
cushioned,1
signalled,1
discrepancy,1
concluding,1
plaid,1
fatally,1
juryman,1
arise,1
prejudice,1
knelt,1
expired,1
expiring,1
outcry,1
150,1
ungovernable,1
becoming,1
ensued,1
warren,1
visiting,1
cobb,1
absent,1
supporters,1
encouraging,1
slighter,1
healthy,1
contrition,1
self-reproach,1
bandy,1
filial,1
firmness,1
acceptance,1
scheming,1
feigned,1
rift,1
protestation,1
removing,1
informing,1
constabulary,1
métier,1
therein,1
inference,1
illuminated,1
slovenly,1
positively,1
shaving,1
sunlight,1
characterises,1
neatness,1
military,1
self-evident,1
destroy,1
boasting,1
deceptive,1
breakfasts,1
digesting,1
westward,1
landowner,1
uncompromising,1
shift,1
tricky,1
magistrates,1
tuesday,1
wilful,1
language,1
elder,1
wooded,1
thickly,1
adds,1
depose,1
witnesses,1
farm-house,1
serving-man,1
spreading,1
half-dozen,1
race-meetings,1
sport,1
wives,1
eighteen,1
equality,1
tenant,1
ex-australian,1
charles,1
farms,1
landed,1
granted,1
singularity,1
profoundly,1
paradoxical,1
meditation,1
note-taking,1
litter,1
biassed,1
worthless,1
close-fitting,1
travelling-cloak,1
taller,1
gaunter,1
valise,1
afghanistan,1
anstruther,1
horace,1
hafiz,1
delusion,1
snatches,1
whoso,1
cub,1
tiger,1
taketh,1
persian,1
voilà,1
tallied,1
defects,1
peculiarities,1
travellers,1
eliminated,1
corroboration,1
verify,1
isolated,1
inferred,1
confirmed,1
hinted,1
spectacles,1
profited,1
ends,1
cold-blooded,1
speed,1
banged,1
illegal,1
assault,1
assurance,1
conveniently,1
happening,1
allusions,1
fidelity,1
suitor,1
permanent,1
cumbrous,1
journeys,1
pretended,1
deception,1
affections,1
meetings,1
lovers,1
doubly,1
whisper,1
masked,1
disguised,1
connivance,1
creditable,1
conceives,1
restive,1
warm-hearted,1
enjoyed,1
contradict,1
heartless,1
selfish,1
alluded,1
tailless,1
rs,1
slurred,1
es,1
r,1
defect,1
slurring,1
alike,1
noised,1
impulsive,1
excitable,1
sidled,1
bland,1
sallow-skinned,1
sturdy,1
deserting,1
salt,1
baryta,1
bisulphate,1
hydrochloric,1
cleanly,1
pungent,1
test-tubes,1
array,1
recesses,1
dénouement,1
bedside,1
disappearing,1
unravel,1
tangle,1
weird,1
demeanour,1
interim,1
tomorrow,1
breach,1
deny,1
superscription,1
balzac,1
quotes,1
anybody,1
harris,1
infirmity,1
complexion,1
ft,1
fourteenth,1
elementary,1
dipped,1
fifth,1
toe-cap,1
decorated,1
dint,1
broadest,1
type,1
sewing-machine,1
presses,1
typewritist,1
trouser,1
concentrate,1
easy-going,1
ornaments,1
sewn,1
beads,1
brickish,1
slate-coloured,1
boot-lace,1
thumb-nails,1
suggestiveness,1
unnoticed,1
hague,1
77,1
andover,1
trite,1
infinite,1
cloud-wreaths,1
counsellor,1
oily,1
importers,1
claret,1
travels,1
angels,1
lyon,1
saturdays,1
accurate,1
muff,1
shilling,1
notion,1
wedding-morning,1
pancras,1
saviours,1
bordeaux,1
sly,1
fonder,1
earnest,1
proposed,1
whispering,1
glands,1
swollen,1
quinsy,1
hed,1
gentlemanly,1
conspicuous,1
hated,1
shy,1
axiom,1
typewrite,1
chaffed,1
denying,1
sunday-school,1
nervously,1
sutherlands,1
pays,1
draws,1
burden,1
£60,1
bargain,1
cent,1
per,1
4½,1
zealand,1
auckland,1
ned,1
concentration,1
inconsequential,1
rambling,1
goodwill,1
£4700,1
wines,1
tidy,1
etherege,1
overlook,1
good-humoured,1
welcomed,1
pilot,1
merchant-man,1
full-sailed,1
grieved,1
perplexed,1
symptom,1
oscillates,1
discriminate,1
coeur,1
affaire,1
oscillation,1
swimmer,1
plunge,1
fidgeted,1
oscillated,1
panoply,1
devonshire,1
coquettish,1
tilted,1
boa,1
neutral-tinted,1
marseilles,1
intricate,1
bigger,1
apt,1
unimportant,1
souvenir,1
commenting,1
splendour,1
amethyst,1
snuffbox,1
acknowledge,1
story-teller,1
teetotaler,1
separation,1
dundas,1
crude,1
writers,1
crudest,1
bruise,1
continents,1
throughout,1
unofficial,1
essence,1
contain,1
platitudes,1
stress,1
report,1
realistic,1
producing,1
selection,1
realism,1
reports,1
unprofitable,1
stale,1
conventionalities,1
fiction,1
chains,1
cross-purposes,1
plannings,1
coincidences,1
queer,1
peep,1
hover,1
sand,1
flaubert,1
gustave,1
loeuvre,1
rien,1
lhomme,1
race,1
ennui,1
unfeigned,1
concert,1
skirmishes,1
coolest,1
fondness,1
expenditure,1
intrigue,1
securing,1
incites,1
lure,1
accomplices,1
clays,1
managing,1
over-bright,1
repaid,1
amply,1
refund,1
scores,1
defeated,1
detected,1
highness,1
snigger,1
handcuffs,1
filthy,1
derbies,1
fix,1
climbing,1
quicker,1
effective,1
coat-tails,1
coolness,1
clinked,1
barrel,1
skirts,1
dived,1
intruder,1
archie,1
scott,1
bags,1
chisel,1
lithe,1
hauling,1
waist-high,1
shoulder-high,1
boyish,1
clean-cut,1
withdrawn,1
area,1
gash,1
glint,1
sighing,1
in-breath,1
dawn,1
comparing,1
officers,1
retreat,1
subduing,1
depressing,1
expectancy,1
experienced,1
slide,1
crouched,1
shooting,1
disadvantage,1
positions,1
carrée,1
partie,1
screen,1
justified,1
foil,1
layers,1
2000,1
unpack,1
30000,1
sufficed,1
imperilled,1
flags,1
vulnerable,1
crates,1
piled,1
earth-smelling,1
conducted,1
terminated,1
guidance,1
dismissed,1
lobster,1
tenacious,1
virtue,1
farrington,1
gas-lit,1
tunes,1
communicative,1
cornwall,1
orphanage,1
build,1
eton,1
bracelets,1
forger,1
smasher,1
£30000,1
exciting,1
seven-and-twenty,1
agra,1
sholto,1
makings,1
theoretical,1
loftily,1
gloomily,1
consequential,1
couples,1
to-nights,1
oppressively,1
peter,1
hansoms,1
smooth-faced,1
copier,1
kensington,1
grotesque,1
dealings,1
stupidity,1
oppressed,1
complicates,1
enwrapped,1
mortals,1
askance,1
unacquainted,1
editions,1
black-letter,1
improvisations,1
predominated,1
contemplative,1
poetic,1
astuteness,1
exactness,1
asserted,1
dual,1
ready-handed,1
keen-witted,1
sleuth-hound,1
dreamy,1
composer,1
performer,1
musician,1
conundrums,1
vex,1
harmony,1
sweetness,1
violin-land,1
sandwich,1
depot,1
carriage-building,1
mcfarlanes,1
restaurant,1
vegetarian,1
tobacconist,1
mortimers,1
hobby,1
quitted,1
stagnant,1
shops,1
pedestrians,1
footpaths,1
outward,1
commerce,1
roadway,1
arteries,1
explore,1
counts,1
smartest,1
promptly,1
strand,1
bright-looking,1
thumped,1
puckered,1
balls,1
gilt,1
atmosphere,1
uncongenial,1
smoke-laden,1
laurel-bushes,1
clumps,1
weedy,1
railed-in,1
dingy,1
shabby-genteel,1
poky,1
aldersgate,1
introspect,1
italian,1
programme,1
absorbing,1
sarasate,1
hawk-like,1
identify,1
puzzling,1
attended,1
gipsy,1
stout-built,1
half-wages,1
cheap,1
applicant,1
endeavour,1
grievance,1
graver,1
knee-caps,1
artificial,1
manufactory,1
17,1
solicitor,1
4,1
ground-floor,1
accountant,1
refreshingly,1
shoving,1
elsewhere,1
overtopped,1
rueful,1
surveyed,1
9,1
october,1
dissolved,1
tack,1
hammered,1
writings,1
bs,1
diligence,1
attica,1
architecture,1
armour,1
archery,1
abbots,1
dared,1
sovereigns,1
planked,1
complimented,1
quill-pen,1
bottle,1
penny,1
bedtime,1
cheer,1
fraud,1
hoax,1
provide,1
pens,1
avail,1
budge,1
comply,1
forfeit,1
pay-day,1
stretch,1
maintenance,1
red-heads,1
propagation,1
pensioners,1
red-head,1
trooped,1
cobblers,1
wigs,1
released,1
hesitate,1
injustice,1
congratulated,1
bashful,1
requirement,1
favourable,1
disqualify,1
candidate,1
redder,1
refreshed,1
wedged,1
dejected,1
butted,1
vivid,1
liver,1
irish-setter,1
lemon,1
barrow,1
costers,1
tramped,1
competition,1
londoners,1
millions,1
splendid,1
providing,1
over-good,1
prick,1
occupations,1
door-mat,1
stay-at-home,1
asks,1
cooking,1
worker,1
develop,1
diving,1
improving,1
camera,1
snapping,1
smarter,1
obliging,1
mopping,1
27,1
scratch,1
wriggled,1
7,1
twenty-one,1
entitles,1
u,1
pennsylvania,1
lebanon,1
bequest,1
planted,1
candid,1
shipwreck,1
magnifico,1
pro,1
ignotum,1
omne,1
coin,1
chinese,1
scales,1
staining,1
contributed,1
tattoo,1
tattooed,1
fish,1
patch,1
smooth,1
breastpin,1
arc-and-compass,1
rules,1
intelligence,1
muscles,1
carpenter,1
gospel,1
freemason,1
discontent,1
frayed,1
ornament,1
brassy,1
drab,1
unbuttoned,1
over-clean,1
shepherds,1
pompous,1
obese,1
tradesman,1
greatcoat,1
indication,1
recommence,1
strangest,1
acknowledges,1
breaks,1
piling,1
doubting,1
proposition,1
combinations,1
prompted,1
relish,1
everyday,1
humdrum,1
conventions,1
moods,1
judicial,1
relapsing,1
settee,1
fat-encircled,1
bob,1
cordially,1
florid-faced,1
autumn,1
honourable,1
cleverness,1
irenes,1
amazement,1
emerald,1
inviolate,1
née,1
safeguard,1
hindrance,1
nest,1
antagonist,1
imprudently,1
walking-clothes,1
actress,1
warned,1
betrayed,1
superscribed,1
plunging,1
dismantled,1
hoarsely,1
continent,1
515,1
sardonic,1
moody,1
relapsed,1
simplify,1
grasping,1
toast,1
iii,1
deuce,1
regain,1
over-precipitance,1
excuses,1
replaced,1
half-drew,1
recess,1
jewel-box,1
unmarried,1
grabs,1
castle,1
arnsworth,1
substitution,1
darlington,1
values,1
motioned,1
accomplice,1
uproar,1
rejoiced,1
assuring,1
servant-maids,1
spectators,1
blackest,1
kindliness,1
conspiring,1
marm,1
hospital,1
superb,1
better-dressed,1
elbowed,1
loafing,1
rumble,1
resolved,1
indirect,1
guardianship,1
secreting,1
secretive,1
concealment,1
princess,1
double-edged,1
simplifies,1
mouths,1
nurse-girl,1
flirting,1
wheel,1
shabbily,1
locality,1
succinct,1
pictured,1
lighted,1
specialist,1
vary,1
equalled,1
hare,1
benevolent,1
nonconformist,1
simple-minded,1
role,1
prepare,1
rejoin,1
self-lighting,1
plumbers,1
roll,1
cigar-shaped,1
unpleasantness,1
madame,1
hungrily,1
tray,1
busier,1
food,1
necessitate,1
immediate,1
menaced,1
sally,1
informality,1
beamed,1
thanking,1
spinster,1
tying,1
vouching,1
responses,1
half-dragged,1
idler,1
aisle,1
expostulating,1
surpliced,1
steaming,1
cabby,1
shabby,1
buckles,1
tags,1
guinea,1
hankeys,1
flurried,1
excitedly,1
glimpses,1
moustached,1
depended,1
concerts,1
planet,1
daintiest,1
biographies,1
fills,1
lent,1
mews,1
coach-house,1
fasteners,1
chubb,1
bijou,1
horsey,1
sequel,1
tweed-suited,1
nod,1
disguises,1
amazing,1
inflamed,1
side-whiskered,1
ill-kempt,1
drunken-looking,1
invariable,1
inextricable,1
disentangled,1
masterly,1
awaiting,1
ii,1
johns,1
mademoiselles,1
note-book,1
receipt,1
scribbled,1
chamois,1
provinces,1
progress,1
langham,1
proclaimed,1
publicly,1
betrothal,1
lengths,1
principles,1
saxe-meningen,1
lothman,1
clotilde,1
reproachfully,1
luggage,1
diverted,1
burglars,1
prince,1
compromised,1
insane,1
indiscretion,1
imitated,1
authenticity,1
blackmailing,1
certificates,1
desirous,1
operatic,1
opera,1
imperial,1
donna,1
prima,1
scala,1
la,1
contralto,1
1858,1
jersey,1
deep-sea,1
staff-commander,1
rabbi,1
hebrew,1
biography,1
furnish,1
concerning,1
paragraphs,1
docketing,1
adventuress,1
lengthy,1
shutting,1
consulting,1
prague,1
incognito,1
cassel-felstein,1
sigismond,1
gottsreich,1
wilhelm,1
desperation,1
reopened,1
depicted,1
apparent,1
implicates,1
compromise,1
quench,1
dryly,1
employs,1
august,1
european,1
binding,1
harsh,1
obstinacy,1
vizard,1
cheekbones,1
opulence,1
barbaric,1
tops,1
trimmed,1
calves,1
brooch,1
double-breasted,1
fronts,1
slashed,1
astrakhan,1
richness,1
hercules,1
authoritative,1
boswell,1
beauties,1
curb,1
prefers,1
writes,1
verbs,1
uncourteous,1
russian,1
frenchman,1
construction,1
triumphant,1
paper-mills,1
glass-factories,1
numerous,1
wallenstein,1
carlsbad,1
german-speaking,1
egria,1
eglonitz,1
eglow,1
gazetteer,1
continental,1
eg,1
papier,1
co,1
customary,1
gesellschaft,1
maker,1
texture,1
peculiarly,1
processes,1
imitate,1
begins,1
insensibly,1
theorize,1
undated,1
pink-tinted,1
by-the-way,1
seventeen,1
distinction,1
ridiculously,1
stethoscope,1
secreted,1
bulge,1
nitrate,1
iodoform,1
smelling,1
slavey,1
boot-slitting,1
malignant,1
crusted,1
firelight,1
shoe,1
simplicity,1
incorrigible,1
jane,1
mess,1
centuries,1
careless,1
clumsy,1
intended,1
wedlock,1
gasogene,1
spirit,1
effusive,1
drug-created,1
clasped,1
silhouette,1
well-remembered,1
1888,1
readers,1
shared,1
activity,1
successfully,1
delicately,1
trincomalee,1
brothers,1
atkinson,1
trepoff,1
odessa,1
occupied,1
drowsiness,1
ambition,1
alternating,1
loathed,1
absorb,1
establishment,1
home-centred,1
dubious,1
disturbing,1
lenses,1
high-power,1
sensitive,1
grit,1
mental,1
distracting,1
temperament,1
finely,1
intrusions,1
gibe,1
passions,1
softer,1
balanced,1
abhorrent,1
emotions,1
sex,1
predominates,1
eclipses,1
3,1
1,1
doyle,1
conan,1
